Medical Conditions,Alternative Name,Landing Page Menu Display,Provider Specialty,Gender,SYM 1,SYM 2,SYM 3,SYM 4,SYM 5,SYM 6,SYM 7,SYM 8,SYM 9,SYM 10,SYM 11,SYM 12
Abortion,,Yes,207V00000X,Female,,,,,,,,,,,,
Acne,,Yes,207N00000X,,,,,,,,,,,,,
Aging,,Yes,207N00000X,,,,,,,,,,,,,
AIDS,Acquired Immunodeficiency Syndrome,Yes,"207R00000X,207RI0200X",,,,,,,,,,,,,
Allergies,Allergy,Yes,"363LP2300X,207K00000X",,,,,,,,,,,,,
Asthma,bronchial asthma,Yes,"363LP2300X,208000000X,207RP1001X",,,,,,,,,,,,,
Autism,,Yes,"363LP2300X,208000000X,2084N0400X",,,,,,,,,,,,,
Bipolar Disorder,"BD, Manic-Depressive Disorder",Yes,"363LP2300X,2084P0800X,103T00000X",,,,,,,,,,,,,
Bone Tumor,Gardner syndrome,Yes,"363LP2300X,207RX0202X,207X00000X",,,,,,,,,,,,,
Bowel Obstruction,,Yes,"363LP2300X,207RG0100X",,,,,,,,,,,,,
Cancer,,Yes,207RX0202X,,,,,,,,,,,,,
Cataracts,,Yes,207W00000X,,,,,,,,,,,,,
Chest Pain,,Yes,"363LP2300X,207RC0000X",,,,,,,,,,,,,
Cold,,Yes,363LP2300X,,,,,,,,,,,,,
COVID-19,Coronavirus,Yes,"363LP2300X,207RI0200X",,,,,,,,,,,,,
Depression,,Yes,"363LP2300X,103T00000X,2084P0800X",,,,,,,,,,,,,
Diabetes,,Yes,"363LP2300X,207RE0101X",,,,,,,,,,,,,
Down Syndrome,,Yes,"208000000X,2080P0202X,2080P0206X,2080P0205X,207WX0110X,235Z00000X,225100000X,225X00000X",,,,,,,,,,,,,
Flu,Influenza,Yes,"363LP2300X,208000000X",,,,,,,,,,,,,
Glaucoma,,Yes,"152W00000X,207W00000X",,,,,,,,,,,,,
Hearing Loss,,Yes,207Y00000X,,,,,,,,,,,,,
Heart Disease,,Yes,"363LP2300X,207RC0000X",,,,,,,,,,,,,
Hepatitis,,Yes,"207RG0100X,207RI0008X",,,,,,,,,,,,,
Jaundice,,Yes,"363LP2300X,208000000X,2080N0001X,207RG0100X",,,,,,,,,,,,,
LASIK,,Yes,207W00000X,,,,,,,,,,,,,
Mental Health,,Yes,"2084P0800X,103T00000X",,,,,,,,,,,,,
Nausea,,Yes,207RG0100X,,,,,,,,,,,,,
Obesity,overweight,Yes,"363LP2300X,133N00000X",,,,,,,,,,,,,
Obsessive Compulsive Disorder,OCD,Yes,"2084P0800X,103T00000X",,,,,,,,,,,,,
Pap Test,,Yes,"207V00000X,363LP2300X",,,,,,,,,,,,,
Parkinson's Disease,,Yes,"363LP2300X,2084N0400X",,,,,,,,,,,,,
Pregnancy,Molar Pregnancy,Yes,207V00000X,Female,,,,,,,,,,,,
Smallpox,,Yes,207RI0200X,,,,,,,,,,,,,
Tennis Elbow,Epicondylitis,Yes,"363LP2300X,207T00000X,2081S0010X,225100000X",,,,,,,,,,,,,
Vaccines,,Yes,"363LP2300X,208000000X",,,,,,,,,,,,,
A1AT Deficiency,Alpha-1 antitrypsin Deficiency,,207RP1001X,,Wheezing,Having colds often,Feeling tired,A fast heartbeat when you stand up,Weight loss,,,,,,,
AAT,Alpha-1 Antitrypsin,,207RP1001X,,Wheezing,Having colds often,Feeling tired,A fast heartbeat when you stand up,Weight loss,,,,,,,
AAT Deficiency,,,,,,,,,,,,,,,,
Abdominal Migraine,,,2084N0400X,,Migraine,,,,,,,,,,,
Abercrombie Syndrome,,,363LP2300X,,,Changes in skin color,Severe fatigue,Feeling of fullness,Joint pain,anemia,Shortness of breath,Swelling of the tongue,Tingling and numbness in legs and feet,Weak hand grip,Severe weakness,Sudden weight loss
Abruptio Placenta,,,207V00000X,Female,,,,,,,,,,,,
Abscessed Tooth,,,122300000X,,,,,,,,,,,,,
Absence of Menstruation,Amenorrhea,,"363LP2300X,207V00000X",Female,,,,,,,,,,,,
Absence Seizure,,,"2084N0400X,363LP2300X",,,,,,,,,,,,,
Acantholysis Bullosa,,,207N00000X,,,,,,,,,,,,,
Acanthosis Bullosa,,,207N00000X,,,,,,,,,,,,,
Acanthosis Nigricans,,,207N00000X,,,,,,,,,,,,,
ACC -- Adenoid Cystic Carcinoma,,,207RX0202X,,,,,,,,,,,,,
ACC -- Agenesis of Corpus Callosum,,,2084N0400X,,,,,,,,,,,,,
ACC -- Aplasia Cutis Congenita,,,"208200000X,207T00000X,208000000X",,,,,,,,,,,,,
ACH,Dwarfism,,208000000X,,,,,,,,,,,,,
Achalasia,,,207RG0100X,,,,,,,,,,,,,
Achilles Tendon Problems,,,2081S0010X,,,,,,,,,,,,,
Achondroplasia,,,208000000X,,,,,,,,,,,,,
Achondroplastic Dwarfism,,,208000000X,,,,,,,,,,,,,
Acne,Pimples,,"363LP2300X,208000000X,207N00000X",,,,,,,,,,,,,
Acquired Lipodystrophy,,,207RN0300X,,,,,,,,,,,,,
Acromegaly,,,"207T00000X,207Y00000X",,,,,,,,,,,,,
Acute Mountain Sickness,Altitude sickness,,"363LP2300X,207P00000X",,,,,,,,,,,,,
ADD/ADHD,,,2084P0800X,,,,,,,,,,,,,
Addiction Recovery,,,2084P0800X,,,,,,,,,,,,,
Adenosine Deaminase Severe Combined Immunodeficiency (ADA-SCID),,,208000000X,,,,,,,,,,,,,
ADHD in Children,,,208000000X,,,,,,,,,,,,,
Aganglionic Megacolon,,,207RG0100X,,,,,,,,,,,,,
Agenesis of Commissura Magna Cerebri,,,208000000X,,,,,,,,,,,,,
Agenesis of Corpus Callosum,,,2084N0400X,,,,,,,,,,,,,
Age-Related Macular Degeneration,,,207W00000X,,,,,,,,,,,,,
"Aging, Sexuality and Physical Changes",,,"207QG0300X,207Q00000X,363LP2300X",,,,,,,,,,,,,
Agnogenic Myeloid Metaplasia,AMM,,207RH0000X,,,,,,,,,,,,,
Agnosis,,,2084N0400X,,,,,,,,,,,,,
Agoraphobia,,,363LP2300X,,,,,,,,,,,,,
Airsickness,,,207Y00000X,,,,,,,,,,,,,
Albinism,,,363LP2300X,,,,,,,,,,,,,
Albinismus,,,363LP2300X,,,,,,,,,,,,,
Alcohol Abuse,,,"363LP2300X,2084P0800X",,,,,,,,,,,,,
Alcohol and Drug Abuse,,,"363LP2300X,101YM0800X",,,,,,,,,,,,,
Alcohol Effects on a Fetus,,,"363LP2300X,207V00000X",,,,,,,,,,,,,
Alcohol Poisoning,,,363LP2300X,,,,,,,,,,,,,
ALD,,,"207RE0101X,2084N0400X",,,,,,,,,,,,,
Aldosteronism,,,"207RE0101X,207RN0300X,207RC0000X,207RE0101X,2085R0204X",,,,,,,,,,,,,
Alexander Disease,,,2084N0400X,,,,,,,,,,,,,
Algodystrophy,,,"363LP2300X,2084N0400X",,,,,,,,,,,,,
Algoneurodystrophy,,,"2084N0400X,207RR0500X",,,,,,,,,,,,,
Allergies,,,"363LP2300X,207K00000X  ",,,,,,,,,,,,,
AloBar Holoprosencephaly,,,"363LP2300X,208000000X",,,,,,,,,,,,,
Alopecia Areata,,,207N00000X,,,,,,,,,,,,,
Alopecia Celsi,,,207N00000X,,,,,,,,,,,,,
Alopecia Cicatrisata,,,207N00000X,,,,,,,,,,,,,
Alopecia Circumscripta,,,207N00000X,,,,,,,,,,,,,
Alpha-1,,,"363LP2300X,207RP1001X",,,,,,,,,,,,,
Alpha-1-Antitrypsin Deficiency,,,207K00000X,,,,,,,,,,,,,
Altitude Headache,,,"363LP2300X,urgent care",,,,,,,,,,,,,
Alzheimer,,,2084N0400X,,,,,,,,,,,,,
Anaplastic Large-cell Lymphoma,,,207RX0202X,,,,,,,,,,,,,
Angina,,,"207RC0000X,363LP2300X",,,,,,,,,,,,,
Anorexia Nervosa,,,2084P0800X,,,,,,,,,,,,,
Anxiety & Panic,,,2084P0800X,,,,,,,,,,,,,
Apert Syndrome,,,"craniofacial,207T00000X,genetics",,,,,,,,,,,,,
APLS,,,207RR0500X,,,,,,,,,,,,,
Apnea,,,207RP1001X,,,,,,,,,,,,,
Appalachian Type Amyloidosis,,,"363LP2300X,207RH0000X",,,,,,,,,,,,,
Appendicitis,,,207RG0100X,,,,,,,,,,,,,
Apraxia,,,"363LP2300X,2084N0400X,235Z00000X",,,,,,,,,,,,,
APS,antiphospholipid syndrome,,207RR0500X,,,,,,,,,,,,,
Arachnitis,,,208VP0000X,,,,,,,,,,,,,
Arachnodactyly,,,213E00000X,,,,,,,,,,,,,
Arachnoidal Fibroblastoma,,,207T00000X,,,,,,,,,,,,,
Arachnoiditis,,,208VP0000X,,,,,,,,,,,,,
Arbovirus A Chikungunya Type,,,207RI0200X,,,,,,,,,,,,,
ARDS,Acute respiratory distress syndrome,,"363LP2300X,208000000X,207RP1001X",,,,,,,,,,,,,
Aregenerative Anemia,,,"207RG0100X,207RH0000X",,,,,,,,,,,,,
ARG Deficiency,,,geneticist,,,,,,,,,,,,,
Arginase Deficiency,,,geneticist,,,,,,,,,,,,,
Argininemia,,,"208000000X,geneticist,207RE0101X,133V00000X",,,,,,,,,,,,,
Arhinencephaly,,,"208000000X,geneticist",,,,,,,,,,,,,
Arnold-Chiari Malformation,,,"363LP2300X,208000000X,2084N0400X,207T00000X",,,,,,,,,,,,,
Aromatherapy,,,"363LP2300X,225700000X",,,,,,,,,,,,,
Arrhythmia,,,207RC0000X,,,,,,,,,,,,,
Arteriovenous Malformation,,,"363LP2300X,2084N0400X,207T00000X",,,,,,,,,,,,,
Arthritic Rheumatoid Disease,,,"363LP2300X,207RR0500X,207QG0300X",,,,,,,,,,,,,
Arthritis,,,"363LP2300X,207RR0500X",,,,,,,,,,,,,
Arthritis (Osteoarthritis),,,"363LP2300X,207RR0500X",,,,,,,,,,,,,
Arthritis Urethritica,,,"363LP2300X,207RR0500X",,,,,,,,,,,,,
"Arthritis, Infectious",,,"363LP2300X,207RR0500X",,,,,,,,,,,,,
"Arthritis, Juvenile Rheumatoid",,,"363LP2300X,207RR0500X",,,,,,,,,,,,,
"Arthritis, Psoriatic",,,"363LP2300X,207RR0500X",,,,,,,,,,,,,
"Arthritis, Rheumatoid",,,"363LP2300X,207RR0500X",,,,,,,,,,,,,
Atrial Fibrillation,,,"363LP2300X,207RC0000X",,,,,,,,,,,,,
Autogenic Training,,,103T00000X,,,,,,,,,,,,,
Autoimmune Blistering Disorders,CP,,"363LP2300X,207N00000X",,,,,,,,,,,,,
Autoimmune Thyroiditis,,,"363LP2300X,207RE0101X",,,,,,,,,,,,,
Avascular Necrosis of Bone,,,"363LP2300X,207X00000X",,,,,,,,,,,,,
AVM,Arteriovenous malformation,,"363LP2300X,2084N0400X",,,,,,,,,,,,,
"Axonal Neuropathy, Giant",,,"207X00000X,207T00000X",,,,,,,,,,,,,
Ayurveda,,,225700000X,,,,,,,,,,,,,
Babesiosis,,,363LP2300X,,,,,,,,,,,,,
Baby Checkup,,,208000000X,,,,,,,,,,,,,
Back Pain,,,"111N00000X,207X00000X",,,,,,,,,,,,,
Bacterial Arthritis,,,207T00000X,,,,,,,,,,,,,
Bacterial Meningitis,,,2084N0400X,,,,,,,,,,,,,
Bacterial Meningococcal Meningitis,,,2084N0400X,,,,,,,,,,,,,
Bacterial Vaginosis,,,"363LP2300X,207V00000X",,,,,,,,,,,,,
Bad Breath,,,122300000X,,,,,,,,,,,,,
Balance,,,207Y00000X,,,,,,,,,,,,,
Baldness,,,207N00000X,,,,,,,,,,,,,
Balo Disease,,,2084N0400X,,,,,,,,,,,,,
Barrett Esophagus,,,"363LP2300X,207RG0100X",,,,,,,,,,,,,
Bartholin Cyst,,,"363LP2300X,207V00000X",,,,,,,,,,,,,
Bartter's Syndrome,,,207RN0300X,,,,,,,,,,,,,
Basal Cell Carcinoma,,,"363LP2300X,207N00000X",,,,,,,,,,,,,
Batten Disease,,,2084N0400X,,,,,,,,,,,,,
B-Cell Acute Lymphoblastic Leukemia for Adults,,,207RX0202X,,,,,,,,,,,,,
Benign Prostatic Hyperplasia,BPH,,"363LP2300X,207QG0300X,208800000X",,,,,,,,,,,,,
Bilateral Acoustic Neurofibromatosis,,,2084N0400X,,,,,,,,,,,,,
Bilateral Acoustic Neuroma,,,2084N0400X,,,,,,,,,,,,,
Bilateral Polycystic Ovarian Syndrome,,,2084N0400X,,,,,,,,,,,,,
Biliary Atresia,EHBA,,"207RI0008X,2080P0206X,2086S0120X",,,,,,,,,,,,,
"Biliary Atresia, Extrahepatic",,,"208000000X,207RI0008X,207RG0100X",,,,,,,,,,,,,
Binge-Purge Disorder,,,"363LP2300X,2084P0800X",,,,,,,,,,,,,
Bipolar Disorder,,,"363LP2300X,2084P0800X",,,,,,,,,,,,,
Bird Flu,Avian Influenza,,"363LP2300X,208000000X,207RI0200X",,,,,,,,,,,,,
Birth Control,,,207V00000X,,,,,,,,,,,,,
Birth Defects,,,geneticist,,,,,,,,,,,,,
Birthmarks,,,207N00000X,,,,,,,,,,,,,
Biting,,,"207N00000X,urgent care",,,,,,,,,,,,,
Black Death,,,"363LP2300X,207RI0200X",,,,,,,,,,,,,
Black Eye,,,207W00000X,,,,,,,,,,,,,
Black Hairy Tongue,,,122300000X,,,,,,,,,,,,,
Black Lung Disease,,,"363LP2300X,207RP1001X",,,,,,,,,,,,,
Bladder Cancer,,,"363LP2300X,207RX0202X,208800000X",,,,,,,,,,,,,
Bladder Infections,,,"363LP2300X,208000000X",,,,,,,,,,,,,
Bleeding from a Minor Head Wound,,,"363LP2300X,urgent care",,,,,,,,,,,,,
Blepharitis,Eyelid inflammation,,207W00000X,,,,,,,,,,,,,
Blisters,,,207N00000X,,,,,,,,,,,,,
Blocked Tear Ducts,,,207W00000X,,,,,,,,,,,,,
Blood Transfusion,,,207RH0000X,,,,,,,,,,,,,
Body Piercings,,,207N00000X,,,,,,,,,,,,,
Bodywork,,,osteopathy,,,,,,,,,,,,,
Bone Spurs,,,"207RR0500X,207X00000X",,,,,,,,,,,,,
Borderline Personality Disorder,,,"363LP2300X,2084P0800X",,,,,,,,,,,,,
Bottle Feeding,,,"208000000X,163WL0100X",,,,,,,,,,,,,
Bovine Spongiform Encephalopathy,mad cow disease,,2084N0400X,,,,,,,,,,,,,
Bowen's Disease,,,207N00000X,,,,,,,,,,,,,
Brain & Nervous System,,,2084N0400X,,,,,,,,,,,,,
Brain Aneurysm,,,"2084N0400X,207T00000X",,,,,,,,,,,,,
Brain Cancer,,,207RX0202X,,,,,,,,,,,,,
Brain Tumors,,,207RX0202X,,,,,,,,,,,,,
Brazilian Pemphigus Foliaceus,,,207N00000X,,,,,,,,,,,,,
Breast Cancer,,,207RX0202X,,,,,,,,,,,,,
Breast Engorgement,,,207V00000X,,,,,,,,,,,,,
Breast Infection,Mastitis,,207V00000X,,,,,,,,,,,,,
Breast Pain,Mastalgia,,"363LP2300X,207V00000X",,,,,,,,,,,,,
Breast Problems,,,"363LP2300X,207V00000X",,,,,,,,,,,,,
Breast Reconstruction,,,208200000X,,,,,,,,,,,,,
Breast-Feeding,,,207V00000X,,,,,,,,,,,,,
Breath-Holding Spells,,,"363LP2300X,208000000X",,,,,,,,,,,,,
Breech Position and Breech Birth,,,207V00000X,,,,,,,,,,,,,
Brittle Bone Disease,,,207X00000X,,,,,,,,,,,,,
Buerger's Disease,,,2086S0129X,,,,,,,,,,,,,
"Bulbospinal Muscular Atrophy, X-linked",Kennedy disease,,2084N0400X,,,,,,,,,,,,,
Bulimia,Bulimia Nervosa,,"2084P0800X,103T00000X",,,,,,,,,,,,,
Bullosa Hereditaria,,,"208000000X,207N00000X",,,,,,,,,,,,,
Bullying,,,363LP2300X,,,,,,,,,,,,,
Bunions,hallux valgus,,"363LP2300X,213E00000X",,,,,,,,,,,,,
Bunyavirus Infection,,,363LP2300X,,,,,,,,,,,,,
Burning Mouth Syndrome,,,"363LP2300X,122300000X",,,,,,,,,,,,,
Burns,,,"363LP2300X,207N00000X",,,,,,,,,,,,,
Bursitis,bursa inflammation,,"363LP2300X,207RR0500X",,,,,,,,,,,,,
C1-INH,,,"207KA0200X,207K00000X",,,,,,,,,,,,,
Calcaneal Valgus,,,207X00000X,,,,,,,,,,,,,
Calcinosis,SPD Calcinosis,,"207RN0300X,207RR0500X,207RH0000X",,,,,,,,,,,,,
Calcium for Osteoporosis,,,"207RE0101X,207RR0500X",,,,,,,,,,,,,
Calluses and Corns,,,213E00000X,,,,,,,,,,,,,
Campylobacteriosis,,,363LP2300X,,,,,,,,,,,,,
Canavan Disease,,,363LP2300X,,,,,,,,,,,,,
Cancer of the Tongue,,,204E00000X,,,,,,,,,,,,,
Cancer Pain,,,207RX0202X,,,,,,,,,,,,,
Canefield Fever,,,207RI0200X,,,,,,,,,,,,,
Canker Sores,,,"363LP2300X,122300000X",,,,,,,,,,,,,
Capsaicin,,,363LP2300X,,,,,,,,,,,,,
Carbon Monoxide Poisoning,,,207P00000X,,,,,,,,,,,,,
Carcinoid Apudoma,,,"363LP2300X,207RE0101X,207RX0202X,207RG0100X",,,,,,,,,,,,,
Carcinoid Syndrome,,,"363LP2300X,207RE0101X,207RX0202X,207RG0100X",,,,,,,,,,,,,
Carpal Tunnel Syndrome,,,"363LP2300X,207X00000X,2084N0400X,225100000X",,,,,,,,,,,,,
Carpal Tunnel Syndrome,median nerve compression,,"363LP2300X,2084N0400X,225100000X,225X00000X,2086S0105X,208100000X",,,,,,,,,,,,,
Catatonia,,,"363LP2300X,2084N0400X,2084P0800X",,,,,,,,,,,,,
Celiac Disease,,,"363LP2300X,207RG0100X,133N00000X",,,,,,,,,,,,,
Central Precocious Puberty,,,207RE0101X,Kids,,,,,,,,,,,,
Cervical Cancer,,,"207V00000X,207RX0202X",Female,,,,,,,,,,,,
Cervical Ectropion,,,"363LP2300X,207V00000X",,,,,,,,,,,,,
Cervical Pregnancy,,,207V00000X,,,,,,,,,,,,,
Chagas Disease,,,"207RC0000X,207RG0100X,207RI0200X",,,,,,,,,,,,,
Chalazia,Chalazion,,"363LP2300X,152W00000X,207W00000X",,,,,,,,,,,,,
Chanarin Dorfman Disease,CDS,,207N00000X,,,,,,,,,,,,,
Charcot-Marie-Tooth Disease,,,"2084N0400X,geneticist,2083X0100X,207T00000X,225100000X,208100000X",,,,,,,,,,,,,
Chelation Therapy,,,363LP2300X,,,,,,,,,,,,,
Chiari-Budd Syndrome,,,"363LP2300X,207RI0008X",,,,,,,,,,,,,
Chickenpox,Varicella,,"363LP2300X,208000000X",,,,,,,,,,,,,
Chikungunya,CHIK,,"207RI0200X,travel medicine",,,,,,,,,,,,,
Chilblains,,,"363LP2300X,207RR0500X,207N00000X",,,,,,,,,,,,,
Child Abuse,,,"208000000X,363LP2300X",,,,,,,,,,,,,
Child Abuse,,,208000000X,,,,,,,,,,,,,
Child Maltreatment,,,208000000X,,,,,,,,,,,,,
Childbirth,,,207V00000X,,,,,,,,,,,,,
Childhood ADHD,,,"363LP2300X,208000000X,2084P0800X,207ZC0006X",Kids,,,,,,,,,,,,
Childhood Cyclic Vomiting,,,"363LP2300X,208000000X,207RG0100X",Kids,,,,,,,,,,,,
Childhood Depression,,,"363LP2300X,208000000X,2084P0800X,103T00000X",Kids,,,,,,,,,,,,
Childhood Giant Axonal Neuropathy,,,"208000000X,2084N0400X,207T00000X,103T00000X,225X00000X",Kids,,,,,,,,,,,,
Childhood Muscular Dystrophy,,,2084N0400X,Kids,,,,,,,,,,,,
Childhood Obesity,,,"208000000X,207RE0101X",Kids,,,,,,,,,,,,
Childhood Skin Problems,,,207N00000X,Kids,,,,,,,,,,,,
Children's Healthy Eating,,,208000000X,,,,,,,,,,,,,
Children's Hygiene,,,208000000X,,,,,,,,,,,,,
Children's Vaccines,,,208000000X,,,,,,,,,,,,,
Cholesterol Management,,,"363LP2300X,207RC0000X,207RE0101X,lipidologist",,,,,,,,,,,,,
Chondrodysplasia,CHH,,"363LP2300X,207T00000X,122300000X,235Z00000X,231H00000X",,,,,,,,,,,,,
Chronic Fatigue Syndrome,CFS,,"363LP2300X,103T00000X,2084P0800X",,,,,,,,,,,,,
Chronic granulomatous disease,"CGD -- Growth Delay, Constitutional",,"207K00000X,207RI0200X,207RH0000X,207RX0202X",,,,,,,,,,,,,
Chronic Myeloid Leukemia,,,"363LP2300X,207RH0000X,207RX0202X",,,,,,,,,,,,,
Chronic obstructive pulmonary disease,COPD,,"363LP2300X,207RP1001X",,,,,,,,,,,,,
Classic Type Pfeiffer Syndrome,Pfeiffer Syndrome,,2084N0400X,,,,,,,,,,,,,
Cleaning and Bandaging a Wound,,,"363LP2300X,163WW0000X",,,,,,,,,,,,,
Cleft Lip,,,"208000000X,2080N0001X,122300000X,207Y00000X,geneticist,208200000X,235Z00000X",,,,,,,,,,,,,
Clival Chordoma,,,"207T00000X,207T00000X,207RX0202X,208200000X,225400000X",,,,,,,,,,,,,
Clostridium Difficile Colitis,,,"363LP2300X,207RI0200X,207P00000X",,,,,,,,,,,,,
Clubfoot,,,"208000000X,207T00000X,225100000X",,,,,,,,,,,,,
Cluster Headaches,,,"363LP2300X,2084N0400X",,,,,,,,,,,,,
Cochlear Implants,,,207Y00000X,,,,,,,,,,,,,
Coenzyme Q10,,,363LP2300X,,,,,,,,,,,,,
Cold Agglutinin Disease,,,207RH0000X,,,,,,,,,,,,,
Cold Sores,,,363LP2300X,,,,,,,,,,,,,
Colic,,,"208000000X,207RG0100X",,,,,,,,,,,,,
Colitis,,,"363LP2300X,207RG0100X",,,,,,,,,,,,,
Colitis Gravis,,,"363LP2300X,207RG0100X",,,,,,,,,,,,,
Colorectal Cancer,,,"207RX0202X,207RG0100X",,,,,,,,,,,,,
Congestive Heart Failure,CHF,,"363LP2300X,207RC0000X",,,,,,,,,,,,,
Coronary Artery Disease,CAD,,207RC0000X,,,,,,,,,,,,,
Coronary Artery Disease,,,"363LP2300X,207RC0000X,207QG0300X,208G00000X",,,,,,,,,,,,,
Coronavirus (COVID-19) and Asthma,,,"363LP2300X,207RI0200X",,,,,,,,,,,,,
Coronavirus (COVID-19) and High Blood Pressure,,,"363LP2300X,207RI0200X",,,,,,,,,,,,,
Coronavirus (COVID-19) and Pregnancy,,,"363LP2300X,207RI0200X",,,,,,,,,,,,,
"Coronavirus (COVID-19) in Children, Infants",,,"208000000X,207RI0200X",,,,,,,,,,,,,
"Coronavirus (COVID-19), Complicaitons",,,"363LP2300X,207RI0200X",,,,,,,,,,,,,
"Coronavirus (COVID-19), Recovery",,,"363LP2300X,207RI0200X",,,,,,,,,,,,,
"Coronavirus (COVID-19), Symptoms",,,"363LP2300X,207RI0200X",,,,,,,,,,,,,
"Coronavirus (COVID-19), Testing",,,"363LP2300X,207RI0200X",,,,,,,,,,,,,
"Coronavirus (COVID-19), Testing at Home",,,"363LP2300X,207RI0200X",,,,,,,,,,,,,
"Coronavirus, Types",,,"363LP2300X,207RI0200X",,,,,,,,,,,,,
"COVID-19, Antibody Testing",,,"363LP2300X,207RI0200X",,,,,,,,,,,,,
Cradle Cap,,,"363LP2300X,208000000X",,,,,,,,,,,,,
Cranial Arteritis,,,"363LP2300X,207RR0500X,207Y00000X,2084N0400X,207W00000X",,,,,,,,,,,,,
Craniosynostosis,,,"208000000X,207T00000X,2086S0122X",,,,,,,,,,,,,
Creutzfeldt Jakob Disease,,,"363LP2300X,2084N0400X,207T00000X,2084P0800X,2081H0002X",,,,,,,,,,,,,
Cribriform Carcinoma,,,207ZC0006X,,,,,,,,,,,,,
Crohn's Disease,,,"363LP2300X,208000000X,207RG0100X",,,,,,,,,,,,,
Cross-Eyes,Strabismus,,"363LP2300X,208000000X,207W00000X",,,,,,,,,,,,,
Crosti-Gianotti Syndrome,,,207N00000X,,,,,,,,,,,,,
Croup,,,"363LP2300X,208000000X",,,,,,,,,,,,,
Crow-Fukase Syndrome,,,"2084N0400X,207RH0000X",,,,,,,,,,,,,
Cryptococcic Meningitis,,,207RI0200X,,,,,,,,,,,,,
Crystal Meth,,,363LP2300X,,,,,,,,,,,,,
Cushing's Syndrome,,,"363LP2300X,208000000X,207RE0101X",,,,,,,,,,,,,
Cutaneous T-Cell Lymphomas,,,207N00000X,,,,,,,,,,,,,
Cutis marmorata telangiectatica congenita,CMTC,,2086S0129X,,,,,,,,,,,,,
Cyclic Edema,,,"213E00000X,207X00000X",,,,,,,,,,,,,
Cyclic Migraines,,,2084N0400X,,,,,,,,,,,,,
Cyclist's Syndrome,,,225100000X,,,,,,,,,,,,,
Cyprus Fever,,,363LP2300X,,,,,,,,,,,,,
Cystic Fibrosis,CF,,"363LP2300X,207RP1001X,207RG0100X,geneticist",,,,,,,,,,,,,
Cystic Fibrosis,,,"363LP2300X,208000000X,207RP1001X,207RG0100X,geneticist",,,,,,,,,,,,,
Cystic Hygroma,,,"208000000X,207YX0905X",,,,,,,,,,,,,
Cystic Lung Disease,,,207RP1001X,,,,,,,,,,,,,
"Cysts, Ovarian, Functional",,,207V00000X,,,,,,,,,,,,,
Cytomegalovirus ,CMV,,207RI0200X,,,,,,,,,,,,,
Dandruff,,,207N00000X,,,,,,,,,,,,,
Deafness,,,207Y00000X,,,,,,,,,,,,,
Decubitis Ulcers,,,"363LP2300X,207RC0200X,208200000X",,,,,,,,,,,,,
Deep Vein Thrombosis,DVT,,"363LP2300X,207RH0000X,207P00000X",,,,,,,,,,,,,
Deerfly Fever,,,207RI0200X,,,,,,,,,,,,,
Degenerative Chorea,,,"2084N0400X,2084P0800X,208100000X",,,,,,,,,,,,,
Degenerative Disc Disease,,,"363LP2300X,207X00000X,2084N0400X,207T00000X,225100000X",,,,,,,,,,,,,
Dehydration,,,363LP2300X,,,,,,,,,,,,,
Dengue Fever,Dandy Fever,,"363LP2300X,207RI0200X",,,,,,,,,,,,,
Dental Care,,,122300000X,,,,,,,,,,,,,
Dermatitis Herpetiformis,DH,,"363LP2300X,207N00000X,207RG0100X",,,,,,,,,,,,,
Diabetes Insipidus,,,"363LP2300X,207RE0101X,207RN0300X",,,,,,,,,,,,,
Diabetic Eye Disease,Diabetic retinopathy,,"363LP2300X,207W00000X",,,,,,,,,,,,,
Diabetic Ketoacidosis,DKA,,"363LP2300X,208000000X,207RC0200X",,,,,,,,,,,,,
Diabetic Macular Edema,,,"207W00000X,207WX0107X",,,,,,,,,,,,,
Diabetic Neuropathy,,,"363LP2300X,207RE0101X,2084N0400X",,,,,,,,,,,,,
Diabetic Retinopathy,,,"363LP2300X,207W00000X",,,,,,,,,,,,,
"Dialysis, Deciding About",,,207RN0300X,,,,,,,,,,,,,
Diamond-Blackfan Anemia,DBA,,207RH0000X,,,,,,,,,,,,,
Diaper Rash,,,"363LP2300X,208000000X",,,,,,,,,,,,,
Diaphragm Use and Care,,,208G00000X,,,,,,,,,,,,,
Diarrhea,,,"363LP2300X,207RG0100X",,,,,,,,,,,,,
Diet,,,"133V00000X,133N00000X",,,,,,,,,,,,,
Diet and Meniere's Disease,,,207Y00000X,,,,,,,,,,,,,
Diet for Children,,,208000000X,,,,,,,,,,,,,
Diet for Kidney Disease,,,207RN0300X,,,,,,,,,,,,,
Dietary Approaches to Stop Hypertension ,DASH,,133V00000X,,,,,,,,,,,,,
Dietary Supplements,,,"363LP2300X,133V00000X",,,,,,,,,,,,,
Difficulty Swallowing,Dysphagia,,207Y00000X,,,,,,,,,,,,,
Digestive Disorders,,,207RG0100X,,,,,,,,,,,,,
Dolichostenomelia,,,207W00000X,,,,,,,,,,,,,
Domestic Violence,,,363LP2300X,,,,,,,,,,,,,
Dowling-Meara Syndrome,,,207N00000X,,,,,,,,,,,,,
Drooping Eyelids,,,207W00000X,,,,,,,,,,,,,
Drowning Prevention,,,"363LP2300X,2084N0400X,207L00000X",,,,,,,,,,,,,
"Drug Abuse, Teen",,,"363LP2300X,103T00000X,2084P0800X",,,,,,,,,,,,,
Drug Allergies,,,"363LP2300X,207K00000X",,,,,,,,,,,,,
Dry Skin and Itching,,,207N00000X,,,,,,,,,,,,,
Duane Syndrome,,,207WX0110X,,,,,,,,,,,,,
Duchenne Muscular Dystrophy,,,"363LP2300X,208000000X,2084N0400X,geneticist",,,,,,,,,,,,,
Dupuytren's Disease,,,"363LP2300X,207T00000X,2086S0105X",,,,,,,,,,,,,
Dysania,sleep inertia,,363LP2300X,,,,,,,,,,,,,
Dysfunctional Uterine Bleeding,,,207V00000X,Female,,,,,,,,,,,,
Dyslexia,,,"208000000X,2084N0400X,235Z00000X,103T00000X",,,,,,,,,,,,,
Dysmyelogenic Leukodystrophy,,,2084N0400X,,,,,,,,,,,,,
Dysphonia Spastica,,,"207ZC0006X,207Y00000X,2084N0400X",,,,,,,,,,,,,
E. coli Infection,,,"363LP2300X,207RG0100X,207RN0300X",,,,,,,,,,,,,
Ear Infection,,,"363LP2300X,208000000X,207Y00000X",,,,,,,,,,,,,
"Early Fetal Ultrasound, Deciding About",,,2080N0001X,,,,,,,,,,,,,
Eating Disorder,Binge Eating Disorder,,"363LP2300X,133V00000X,133N00000X",,,,,,,,,,,,,
"Eating Disorder, Pica Type",,,"363LP2300X,101YM0800X",,,,,,,,,,,,,
Eaton-Lambert Syndrome,,,363LP2300X,,,,,,,,,,,,,
Ebola,,,"207RI0200X,207RC0200X,207P00000X",,,,,,,,,,,,,
"Ectodermal Dysplasia, Rapp-Hodgkin type",,,"363LP2300X,208000000X,207N00000X",,,,,,,,,,,,,
Ectodermosis Erosiva Pluriorificialis,Stevens-Johnson syndrome,,"363LP2300X,208000000X,207N00000X,207W00000X",,,,,,,,,,,,,
Ectopia Cordis,,,207V00000X,Female,,,,,,,,,,,,
Ectopic Pregnancy,,,207V00000X,Female,,,,,,,,,,,,
Ectopic Pregnancy,Tubal Pregnancy,,"363LP2300X,207V00000X,207P00000X",,,,,,,,,,,,,
Ectropion,Drooping Eyelids,,"363LP2300X,207W00000X",,,,,,,,,,,,,
Eczema,,,"363LP2300X,208000000X,207N00000X",,,,,,,,,,,,,
"Eczema, Atopic",,,"363LP2300X,208000000X,207N00000X",,,,,,,,,,,,,
E-D Syndrome,Erectile Dysfunction,,"363LP2300X,208800000X",,,,,,,,,,,,,
"Edema, Idiopathic",,,"207N00000X,2086S0129X",,,,,,,,,,,,,
Edward's Syndrome,,,"207V00000X,2080N0001X,geneticist",,,,,,,,,,,,,
Egg Allergy,,,"363LP2300X,207K00000X",,,,,,,,,,,,,
Eisenmenger Complex,,,207RC0000X,,,,,,,,,,,,,
Ekman-Lobstein Disease,,,207T00000X,,,,,,,,,,,,,
Electrolyte Panel,,,207RN0300X,,,,,,,,,,,,,
Elephantiasis,Filariasis,,"363LP2300X,207RI0200X,207RX0202X",,,,,,,,,,,,,
"Embolism, Pulmonary",,,"363LP2300X,207RP1001X,207RC0000X,207RH0000X",,,,,,,,,,,,,
Emotional Wellness,,,2084P0800X,,,,,,,,,,,,,
Emphysema,,,"363LP2300X,207RP1001X",,,,,,,,,,,,,
Empty Sella Syndrome,,,207RE0101X,,,,,,,,,,,,,
Encephalitis,inflammation of the brain,,"363LP2300X,208000000X,2084N0400X,207RI0200X",,,,,,,,,,,,,
Encephalofacial Angiomatosis,Port-Wine Stain,,207N00000X,,,,,,,,,,,,,
Endocarditis,,,"363LP2300X,207RC0000X,207RI0200X,208G00000X",,,,,,,,,,,,,
Endometrial Cancer,,,"207V00000X,207RX0202X",Female,,,,,,,,,,,,
Endometriosis,,,"207V00000X,363LP2300X",Female,,,,,,,,,,,,
Enlarged Breasts,Gynecomastia,,207RE0101X,Male,,,,,,,,,,,,
Enterovirus D68,,,363LP2300X,,,,,,,,,,,,,
Epidemic Cerebrospinal Meningitis,,,"2084N0400X,207RI0200X",,,,,,,,,,,,,
Epidemic Cholera,,,363LP2300X,,,,,,,,,,,,,
Epidermolysis Bullosa,,,"208000000X,207N00000X,207NP0225X,133V00000X,103T00000X",,,,,,,,,,,,,
Epididymal Cyst,,,"363LP2300X,208800000X",,,,,,,,,,,,,
Epididymitis,,,"363LP2300X,208800000X",,,,,,,,,,,,,
Epilepsy,,,"363LP2300X,2084N0400X",,,,,,,,,,,,,
Epilepsy and Seizures,,,"363LP2300X,2084N0400X",,,,,,,,,,,,,
Epinephrine Shot,,,"363LP2300X,208000000X",,,,,,,,,,,,,
Episode of Croup,,,"208000000X,207Y00000X,207RP1001X,207RG0100X",,,,,,,,,,,,,
Episodic Ataxia,,,"363LP2300X,2084N0400X",,,,,,,,,,,,,
Epstein-Barr Virus,,,"363LP2300X,207RI0200X",,,,,,,,,,,,,
Erectile Dysfunction,,,"363LP2300X,208800000X",Male,,,,,,,,,,,,
Erection Problems,Impotence,,"363LP2300X,208800000X",,,,,,,,,,,,,
Erythema Infectiosum,Fifth Disease,,"363LP2300X,208000000X",,,,,,,,,,,,,
Erythema Multiforme,,,"363LP2300X,207N00000X",,,,,,,,,,,,,
Ewing's Family of Tumors,,,"208000000X,207RX0202X,207RX0202X,207RX0202X,103T00000X",,,,,,,,,,,,,
Excessive Alcohol,Binge Drinking,,"363LP2300X,2084P0800X",,,,,,,,,,,,,
Exocrine Pancreatic Insufficiency,,,"363LP2300X,207RG0100X",,,,,,,,,,,,,
Expanded Rubella Syndrome,,,"363LP2300X,207RI0200X",,,,,,,,,,,,,
Extragonadal Germ Cell Tumors,,,"208800000X,207VG0400X,207ZC0006X,207RX0202X",,,,,,,,,,,,,
Extrauterine Pregnancy,Ectopic pregnancy,,207V00000X,Female,,,,,,,,,,,,
Extrauterine Pregnancy,,,"363LP2300X,207V00000X,207P00000X",,,,,,,,,,,,,
Eye Health,,,"363LP2300X,152W00000X,207W00000X",,,,,,,,,,,,,
Eye Retraction Syndrome,,,"208000000X,207W00000X",,,,,,,,,,,,,
Eyelid Problems,,,"363LP2300X,152W00000X,207W00000X",,,,,,,,,,,,,
Fabry Disease,,,"geneticist,207RC0000X,207RN0300X,2084N0400X,207RG0100X",,,,,,,,,,,,,
Facio-Scapulo-Humeral Dystrophy,,,2084N0400X,,,,,,,,,,,,,
Facioscapulohumeral Muscular Dystrophy,,,2084N0400X,,,,,,,,,,,,,
Factitious Disorder by Proxy,,,"2084P0800X,103T00000X",,,,,,,,,,,,,
Fahr Disease,,,2084N0400X,,,,,,,,,,,,,
Fainting,,,"363LP2300X,207RC0000X,2084N0400X",,,,,,,,,,,,,
Fall Prevention,,,363LP2300X,,,,,,,,,,,,,
Fallot's Tetralogy,,,"208000000X,208G00000X,2080N0001X",,,,,,,,,,,,,
Familial Adenomatous Polyposis,,,"208C00000X,207RG0100X",,,,,,,,,,,,,
Familial Alobar Holoprosencephaly,,,"208000000X,2084N0400X,207RE0101X,208200000X,",,,,,,,,,,,,,
Familial Chordoma,,,"208800000X,2086S0129X,208200000X,207L00000X,207RX0202X,207RX0202X,2086X0206X,207T00000X",,,,,,,,,,,,,
Familial Congestive Cardiomyopathy,,,207RC0000X,,,,,,,,,,,,,
Familial Cutaneous Amyloidosis,,,"207RH0000X,207RC0000X",,,,,,,,,,,,,
Familial Dilated Cardiomyopathy,FDC,,207RC0000X,,,,,,,,,,,,,
Familial Emphysema,,,"363LP2300X,207RP1001X",,,,,,,,,,,,,
Familial Jaundice,,,"207RG0100X,207RI0008X",,,,,,,,,,,,,
Familial Lichen Amyloidosis (Type IX),,,207N00000X,,,,,,,,,,,,,
Familial Multiple Polyposis,,,207RG0100X,,,,,,,,,,,,,
Familial Primary Pulmonary Hypertension,,,"207RC0000X,207RP1001X",,,,,,,,,,,,,
Feelings of Grief,,,"2084P0800X,103T00000X",,,,,,,,,,,,,
Fibrinoid Leukodystrophy,,,2084N0400X,,,,,,,,,,,,,
Fibrodysplasia Ossificans Progressiva,,,"207X00000X,207RR0500X",,,,,,,,,,,,,
Fibrodysplasia Ossificans Progressiva,FOP,,"363LP2300X,208000000X,207X00000X,207RR0500X",,,,,,,,,,,,,
Fibroids,"leiomyomas, uterine myoma",,207V00000X,Female,,,,,,,,,,,,
Fibrosing Cholangitis,,,"207RG0100X,207RI0008X",,,,,,,,,,,,,
Fibrous Cavernositis,Peyronie disease,,"208800000X,208200000X",,,,,,,,,,,,,
Fibrous Interstitial Pneumonia,,,207RP1001X,,,,,,,,,,,,,
Fibrous Plaques of the Penis,Peyronie disease,,"208800000X,208200000X",,,,,,,,,,,,,
Fibrous Sclerosis of the Penis,,,208800000X,,,,,,,,,,,,,
Field Fever,,,363LP2300X,,,,,,,,,,,,,
Fiery Serpent Infection,,,207RG0100X,,,,,,,,,,,,,
Fifth Disease,erythema infectiosum,,"363LP2300X,208000000X",,,,,,,,,,,,,
Fine-Needle Aspiration,,,2085R0202X,,,,,,,,,,,,,
Finger Sucking,,,"122300000X,1223X0400X",,,,,,,,,,,,,
Finnish Type Amyloidosis (Type V),,,"207RX0202X,207RH0000X",,,,,,,,,,,,,
First Menstrual Period,,,207V00000X,Female,,,,,,,,,,,,
Fissured Tongue,,,"363LP2300X,122300000X",,,,,,,,,,,,,
Fitz Hugh Curtis Syndrome,,,207V00000X,,,,,,,,,,,,,
Flat Feet,Pes Planus,,"363LP2300X,213E00000X",,,,,,,,,,,,,
Flesh-Eating Bacteria,,,"207RI0200X,208600000X,208200000X",,,,,,,,,,,,,
Folate Deficiency Anemia,,,363LP2300X,,,,,,,,,,,,,
Folic Acid Deficiency Anemia,,,363LP2300X,,,,,,,,,,,,,
Follicular Lymphoma,,,"207RX0202X,207RH0000X",,,,,,,,,,,,,
Folliculitis,,,"363LP2300X,207N00000X",,,,,,,,,,,,,
Fong Disease,,,207RN0300X,,,,,,,,,,,,,
Food Addiction,,,"363LP2300X,133V00000X",,,,,,,,,,,,,
Food Allergies,,,"363LP2300X,207K00000X,207RG0100X",,,,,,,,,,,,,
Food Poisoning,,,"363LP2300X,207K00000X,207RI0200X",,,,,,,,,,,,,
Foot Pain (Plantar Fasciitis),,,"213E00000X,207X00000X",,,,,,,,,,,,,
Fournier Disease,,,208800000X,,,,,,,,,,,,,
Fractured Rib,Rib fracture,,"363LP2300X,207X00000X,2081S0010X",,,,,,,,,,,,,
Fractures,,,"207X00000X,207T00000X",,,,,,,,,,,,,
Fragile X Syndrome,"FXS, Martin-Bell syndrome",,"363LP2300X,208000000X,2084N0400X,geneticist",,,,,,,,,,,,,
Francois Dyscephaly Syndrome,,,207W00000X,,,,,,,,,,,,,
Frostbite,,,"363LP2300X,2086S0105X,208200000X",,,,,,,,,,,,,
Frozen Shoulder,,,"363LP2300X,208100000X,207X00000X,225100000X",,,,,,,,,,,,,
Fulminating Hyperpyrexia,,,363LP2300X,,,,,,,,,,,,,
Functional Ovarian Cysts,,,207V00000X,,,,,,,,,,,,,
Functioning Carcinoid,,,207RG0100X,,,,,,,,,,,,,
Fungal Nail Infections,"Nail fungus, onychomycosis",,"363LP2300X,213E00000X,207N00000X",,,,,,,,,,,,,
Furrowed Tongue,,,"122300000X,207Y00000X",,,,,,,,,,,,,
Galactocerebrosidase Deficiency,GALC,,2084N0400X,,,,,,,,,,,,,
Galactorrhea-Amenorrhea Syndrome,,,"207RX0202X,207RE0101X",,,,,,,,,,,,,
Galactose-1-Phosphate Uridyl Transferase Deficiency,,,geneticist,,,,,,,,,,,,,
Galactosemia,Classic Galactosemia,,"363LP2300X,2084N0400X",,,,,,,,,,,,,
Galactosemia,,,geneticist,,,,,,,,,,,,,
Gallbladder Inflammation,Cholecystitis,,"363LP2300X,207RG0100X",,,,,,,,,,,,,
Gallstones,,,"363LP2300X,207RG0100X",,,,,,,,,,,,,
GALT Deficiency,,,geneticist,,,,,,,,,,,,,
Ganglions,"Ganglion cyst, bible cyst",,"363LP2300X,207T00000X,2086S0105X",,,,,,,,,,,,,
Gangliosidosis GM2 Type 2,,,2084N0400X,,,,,,,,,,,,,
Ganser Syndrome,,,2084P0800X,,,,,,,,,,,,,
Gardner Syndrome,,,"363LP2300X,208C00000X,geneticist",,,,,,,,,,,,,
Gargoylism,Hurler syndrome,,208000000X,,,,,,,,,,,,,
Gas,Flatus,,207RG0100X,,,,,,,,,,,,,
Gastrinoma,,,"207RG0100X,207RX0202X",,,,,,,,,,,,,
Gastritis,"stomach irritation, stomach inflammation, erosion of the stomach lining",,207RG0100X,,,,,,,,,,,,,
Gastroesophageal Reflux Disease,GERD,,"363LP2300X,208000000X,207RG0100X",,,,,,,,,,,,,
Gastrointestinal Stromal Tumors,GIST,,"207RX0202X,207RG0100X,2085R0202X,207ZC0006X,208600000X",,,,,,,,,,,,,
Gastroparesis,delayed gastric emptying,,"363LP2300X,207RG0100X",,,,,,,,,,,,,
Gastroschisis,,,"2086S0120X,2080N0001X,207VM0101X,geneticist.",,,,,,,,,,,,,
Gaucher Disease,,,"207RH0000X,207RI0008X,207X00000X,geneticist",,,,,,,,,,,,,
Gaucher-Schlagenhaufer,,,363LP2300X,,,,,,,,,,,,,
Gayet-Wernicke Syndrome,,,2084N0400X,,,,,,,,,,,,,
Genital Herpes,,,"363LP2300X,207V00000X,207RI0200X",,,,,,,,,,,,,
Genital Warts,"condyloma acuminatum, HPV,Human Papillomavirus",,"363LP2300X,207V00000X,208800000X,207N00000X",,,,,,,,,,,,,
Genital warts,condyloma acuminatum,,"363LP2300X,207V00000X,208800000X,207N00000X",,,,,,,,,,,,,
Gestational Diabetes,Diabetes in Pregnancy,,"363LP2300X,207V00000X,207RE0101X",,,,,,,,,,,,,
Gestational Diabetes,Diabetes during pregnancy,,"207V00000X,207RE0101X",,,,,,,,,,,,,
Gianotti Crosti Syndrome,,,207N00000X,,,,,,,,,,,,,
Giant Axonal Neuropathy,,,"2080P0008X,207T00000X,225100000X,103T00000X,235Z00000X",,,,,,,,,,,,,
Giant Cell Arteritis,Temporal arteritis,,"363LP2300X,207RR0500X,207Y00000X,2084N0400X,207W00000X",,,,,,,,,,,,,
"Giant Cell Glioblastoma, Astrocytoma",,,2084N0400X,,,,,,,,,,,,,
"Giant Cell Glioblastoma, Multiforme",,,2084N0400X,,,,,,,,,,,,,
Giant Cell Interstitial Pneumonia,,,"363LP2300X,207RP1001X",,,,,,,,,,,,,
Giant Cyst of the Retina,Retinal Disease,,207W00000X,,,,,,,,,,,,,
Giant Urticaria,,,"363LP2300X,207N00000X,207KA0200X",,,,,,,,,,,,,
Giardiasis,"giardiasis, beaver fever",,"363LP2300X,208000000X,207RG0100X,207RI0200X",,,,,,,,,,,,,
Gilbert Syndrome,Gilbert's Disease,,"363LP2300X,208000000X",,,,,,,,,,,,,
Gilbert-Lereboullet Syndrome,,,"363LP2300X,207RG0100X",,,,,,,,,,,,,
Gingivitis,Gum Inflammation,,122300000X,,,,,,,,,,,,,
Ginkgo Biloba,,,363LP2300X,,,,,,,,,,,,,
Glandular Plague,,,363LP2300X,,,,,,,,,,,,,
Glioblastoma,"GBM, glioblastoma multiforme",,"363LP2300X,207RX0202X,2084N0400X,207T00000X",,,,,,,,,,,,,
Glioma-Polyposis Syndrome,Colon polyps,,"207RG0100X,208C00000X",,,,,,,,,,,,,
Globoid Cell Leukoencephalopathy,Krabbe Disease,,2084N0400X,,,,,,,,,,,,,
Glossitis Areata Migrans,"annulus migrans, benign migratory glossitis, Geographic tongue",,"363LP2300X,208000000X,122300000X,207N00000X",,,,,,,,,,,,,
Glossopyrosis,,,207N00000X,,,,,,,,,,,,,
Glucocerebrosidase Deficiency,,,geneticist,,,,,,,,,,,,,
Glucocerebrosidosis,Gaucher Disease,,geneticist,,,,,,,,,,,,,
Glucosamine and Chondroitin,,,363LP2300X,,,,,,,,,,,,,
Glucosyl Ceramide Lipidosis,,,geneticist,,,,,,,,,,,,,
Goiter,Enlarged Thyroid,,"363LP2300X,207RE0101X,208600000X,207U00000X",,,,,,,,,,,,,
Goitrous Autoimmune Thyroiditis,,,207RE0101X,,,,,,,,,,,,,
Graft versus Host Disease,"GVHD, Runt Disease",,"207RH0000X,207N00000X,207RX0202X,207ZB0001X,133N00000X",,,,,,,,,,,,,
Granuloma Annulare,,,207N00000X,,,,,,,,,,,,,
Granuloma Fungoides,,,"207N00000X,207RX0202X",,,,,,,,,,,,,
Grave's Disease,Basedow's Disease,,"363LP2300X,207RE0101X,207W00000X,207U00000X",,,,,,,,,,,,,
Grief and Grieving,,,103T00000X,,,,,,,,,,,,,
Grooved Tongue,,,122300000X,,,,,,,,,,,,,
Group B Streptococcal Infections in Newborns,,,"2080N0001X,208000000X",,,,,,,,,,,,,
Group B Streptococcal Septicemia of the Newborn,,,"2080N0001X,208000000X",,,,,,,,,,,,,
Grover's Disease,,,207N00000X,,,,,,,,,,,,,
Growth Hormone Deficiency,,,"363LP2300X,207RE0101X",,,,,,,,,,,,,
Growth Hormone Stimulation Test,GHD,,"363LP2300X,208000000X",,,,,,,,,,,,,
Guenther Porphyria,,,"207N00000X,207RH0000X",,,,,,,,,,,,,
Guided Imagery,,,2084P0800X,,,,,,,,,,,,,
Guillain-Barre Syndrome,,,"363LP2300X,208000000X,2084N0400X,207RP1001X,207RC0200X",,,,,,,,,,,,,
Guinea Worm Infection,,,207RG0100X,,,,,,,,,,,,,
Gum Disease,Periodontitis,,"363LP2300X,122300000X",,,,,,,,,,,,,
Gunther Disease,,,363LP2300X,,,,,,,,,,,,,
"Guttate Scleroderma, Lichen Sclerosus Type",Lichen sclerosus,,"207V00000X,207N00000X",,,,,,,,,,,,,
Gynecomastia,,,208200000X,,,,,,,,,,,,,
H. Pylori,,,207RG0100X,,,,,,,,,,,,,
Hair-Pulling Syndrome,,,"363LP2300X,207N00000X",,,,,,,,,,,,,
Halushi-Behcet's Syndrome,,,207RR0500X,,,,,,,,,,,,,
Hammer Toe,,,"213E00000X,207X00000X",,,,,,,,,,,,,
"Hammer, Claw and Mallet Toes",,,"213E00000X,207X00000X",,,,,,,,,,,,,
Hand-Foot-and-Mouth Disease,,,"363LP2300X,207N00000X",,,,,,,,,,,,,
Hashimoto's Disease,,,"363LP2300X,207RE0101X",,,,,,,,,,,,,
Hashimoto's Thyroiditis,chronic lymphocytic thyroiditis,,"363LP2300X,207RE0101X",,,,,,,,,,,,,
Hay Fever,"Seasonal allergies,  allergic rhinitis",,"363LP2300X,207RR0500X,207RP1001X,207Y00000X",,,,,,,,,,,,,
Headache,,,"363LP2300X,2084N0400X",,,,,,,,,,,,,
Headaches/Migraines,,,"363LP2300X,208000000X",,,,,,,,,,,,,
Hearing Loss,,,"363LP2300X,207Y00000X",,,,,,,,,,,,,
Heart Failure,,,"207RC0000X,207P00000X,207RC0200X",,,,,,,,,,,,,
Heart Health,,,"363LP2300X,207RC0000X",,,,,,,,,,,,,
Heartburn,,,207RG0100X,,,,,,,,,,,,,
Hemophilia A,,,"207RH0000X,geneticist",,,,,,,,,,,,,
Hemophilia B,,,"207RH0000X,geneticist",,,,,,,,,,,,,
"Hemorrhagic Telangiectasia, Hereditary",HHT,,207Y00000X,,,,,,,,,,,,,
Henoch-Schonlein Purpura,HSP,,"363LP2300X,207RN0300X",,,,,,,,,,,,,
Hepatocellular Carcinoma,Malignant Hepatoma,,"207RI0008X,207RX0202X,204F00000X",,,,,,,,,,,,,
HER2-Positive Breast Cancer,,,207RX0202X,,,,,,,,,,,,,
Hereditary Angioedema,HAE,,"207RR0500X,207N00000X,207V00000X",,,,,,,,,,,,,
Hereditary Angioedema,,,"207RR0500X,207N00000X,207RG0100X,207V00000X",,,,,,,,,,,,,
Hereditary Nonspherocytic Hemolytic Anemia,HNHA,,"363LP2300X,208000000X,207RH0000X",,,,,,,,,,,,,
Hiatal Hernia,Stomach hernia,,"363LP2300X,207RG0100X",,,,,,,,,,,,,
Hiccups,,,"363LP2300X,207Y00000X,207RG0100X",,,,,,,,,,,,,
Hidradenitis Suppurativa,Acne Inversa,,"363LP2300X,207N00000X,208200000X",,,,,,,,,,,,,
High Altitude Illness,,,363LP2300X,,,,,,,,,,,,,
High Blood Pressure,"HBP, hypertension",,"363LP2300X,207RC0000X,207RN0300X",,,,,,,,,,,,,
High cholesterol,Hypercholesterolemia,,"363LP2300X,207RC0000X,207QG0300X,133N00000X",,,,,,,,,,,,,
High Cholesterol,Hypercholesterolemia,,"363LP2300X,207RC0000X",,,,,,,,,,,,,
High Potassium,,,207RN0300X,,,,,,,,,,,,,
"Hip Dysplasia, Congenital",,,207X00000X,,,,,,,,,,,,,
Hip Fracture,,,207T00000X,,,,,,,,,,,,,
Hirschsprung's Disease,congenital megacolon,,"208000000X,207RG0100X,2080N0001X,geneticist",,,,,,,,,,,,,
Hirsutism,excessive hair growth,,"363LP2300X,208000000X,207V00000X,207RE0101X,207N00000X",,,,,,,,,,,,,
Histiocytosis X,,,207RX0202X,,,,,,,,,,,,,
HIV,"human immunodeficiency virus, acquired immunodeficiency syndrome",,"363LP2300X,207RI0200X",,,,,,,,,,,,,
Hives,urticaria,,"363LP2300X,207P00000X",,,,,,,,,,,,,
HLHS,Hypoplastic left heart syndrome,,"207RC0000X,2084N0400X",,,,,,,,,,,,,
Hodgkin's Disease,Hodgkin's lymphoma,,"207RX0202X,207RH0000X",,,,,,,,,,,,,
Hole in the Heart,,,207RC0000X,,,,,,,,,,,,,
Home Blood Sugar Monitoring,,,207RE0101X,,,,,,,,,,,,,
Homocystinuria,,,"363LP2300X,208000000X",,,,,,,,,,,,,
Homozygous Alpha-1-Antitrypsin Deficiency,,,"207KA0200X,207K00000X,geneticist",,,,,,,,,,,,,
Homozygous Familial Hypercholesterolemia,,,207RE0101X,,,,,,,,,,,,,
Hordeolum,Stye,,"363LP2300X,152W00000X,207W00000X",,,,,,,,,,,,,
Hormone Therapy for Endometriosis,,,207RE0101X,,,,,,,,,,,,,
Horner's Syndrome,oculosympathetic palsy,,"363LP2300X,2084N0400X,207Y00000X,207W00000X",,,,,,,,,,,,,
Hospice,,,2081H0002X,,,,,,,,,,,,,
Hot Flashes,,,"363LP2300X,207V00000X",,,,,,,,,,,,,
Human Cyclic Neutropenia,,,"363LP2300X,207RH0000X",,,,,,,,,,,,,
Human Cytomegalovirus Infection,,,"363LP2300X,207K00000X,207RI0200X",,,,,,,,,,,,,
Humor Therapy,,,363LP2300X,,,,,,,,,,,,,
Hunter Syndrome,,,207Y00000X,,,,,,,,,,,,,
Huntington's Disease,"Huntington's Chorea, HD",,"363LP2300X,2084P0800X,2084N0400X,225100000X,geneticist",,,,,,,,,,,,,
Hurler Disease,,,"2084N0400X,207RC0000X,207RP1001X,207X00000X,207W00000X,231H00000X",,,,,,,,,,,,,
Hutchinson-Gilford Progeria Syndrome,"Progeria, Hutchinson-Gilford Syndrome, HGPS",,"208000000X,geneticist,122300000X,225X00000X,225100000X",,,,,,,,,,,,,
Hydatidiform Mole,hydatidiform mole,,"363LP2300X,207V00000X",,,,,,,,,,,,,
Hydrocele,,,"208000000X,208800000X,208600000X",,,,,,,,,,,,,
Hydrocephalus,water on the brain,,"208000000X,2084N0400X,207T00000X,235Z00000X,225X00000X",,,,,,,,,,,,,
"Hydrocephalus, Congenital",,,"208000000X,208100000X",,,,,,,,,,,,,
Hydrotherapy,,,225100000X,,,,,,,,,,,,,
Hygroma Colli,,,"207Y00000X,207T00000X",,,,,,,,,,,,,
Hyperactivity,"ADHD, attention deficit disorder",,"363LP2300X,208000000X,2084P0800X,103T00000X",,,,,,,,,,,,,
Hyperammonemia due to Ornithine Transcarbamylase Deficiency,,,"208000000X,2084N0400X,geneticist,133V00000X",,,,,,,,,,,,,
Hypercalcemia-Supravalvar Aortic Stenosis,,,"208000000X,207RC0000X",,,,,,,,,,,,,
Hyperemesis Gravidarum,HG,,"207V00000X,133N00000X",,,,,,,,,,,,,
Hypertriglyceridemia,Elevated Triglycerides,,"363LP2300X,207RC0000X,207RE0101X",,,,,,,,,,,,,
Hypoparathyroidism,,,"363LP2300X,207RE0101X",,,,,,,,,,,,,
Hypotonia-Hypomentia-Hypogonadism-Obesity Syndrome,HHHO,,"208000000X,2084N0400X,207T00000X,207RC0000X,225100000X,225100000X,225X00000X,235Z00000X",,,,,,,,,,,,,
Iceland Disease,,,363LP2300X,,,,,,,,,,,,,
Ichthyosis,CHILD Naevus,,"363LP2300X,207N00000X",,,,,,,,,,,,,
Ichthyosis,,,"363LP2300X,207N00000X",,,,,,,,,,,,,
Icterus,Chronic Familial,,207RG0100X,,,,,,,,,,,,,
Idiopathic Amyloidosis,,,"363LP2300X,207RC0000X,207RH0000X,207N00000X",,,,,,,,,,,,,
Idiopathic Aplastic Anemia,,,"363LP2300X,207RH0000X",,,,,,,,,,,,,
Idiopathic Autoimmune Hemolytic Anemia,,,"363LP2300X,207RH0000X",,,,,,,,,,,,,
Idiopathic Basal Ganglia Calcification,,,"2084N0400X,geneticist,2084P0800X,122300000X",,,,,,,,,,,,,
Idiopathic Chronic Erosive Gastritis,,,207RG0100X,,,,,,,,,,,,,
Idiopathic Dilated Cardiomyopathy,,,207RC0000X,,,,,,,,,,,,,
Idiopathic Pulmonary Fibrosis,,,"363LP2300X,207RP1001X",,,,,,,,,,,,,
Idiopathic thrombocytopenic purpura,,,"363LP2300X,208000000X,207RH0000X",,,,,,,,,,,,,
IgA Nephropathy,,,"363LP2300X,207RN0300X",,,,,,,,,,,,,
Illinois Type Amyloidosis,,,"207RH0000X,207RC0000X,207RN0300X,207ZC0006X,207RP1001X,2084N0400X,207R00000X",,,,,,,,,,,,,
Immune Hemolytic Anemia,,,"363LP2300X,207RH0000X",,,,,,,,,,,,,
Immunizations,,,363LP2300X,,,,,,,,,,,,,
Immunoblastic Lymphadenopathy,,,207Y00000X,,,,,,,,,,,,,
Immunodeficiency with Ataxia Telangiectasia,,,207K00000X,,,,,,,,,,,,,
Impaired Glucose Tolerance,,,"207RE0101X,133V00000X",,,,,,,,,,,,,
Impetigo,school sores,,"363LP2300X,208000000X,207N00000X",,,,,,,,,,,,,
Incontinence in Men,,,208800000X,,,,,,,,,,,,,
Indiana Type Amyloidosis (Type II),,,"207RX0202X,207RH0000X,207RC0000X",,,,,,,,,,,,,
Indolent Systemic Mastocytosis,,,"207RH0000X,207KA0200X,207N00000X,207K00000X,207RG0100X",,,,,,,,,,,,,
Infantile Gaucher Disease,,,"363LP2300X,207RH0000X,geneticist",,,,,,,,,,,,,
Infantile Myoclonic Encephalopathy,,,"208000000X,2084N0400X",,,,,,,,,,,,,
Infantile Sleep Apnea,,,"208000000X,207Y00000X",,,,,,,,,,,,,
Infantile Spasms,,,2084N0400X,,,,,,,,,,,,,
Infantile Spinal Muscular Atrophy,,,2084N0400X,,,,,,,,,,,,,
Infectious Chorea,,,2084N0400X,,,,,,,,,,,,,
Infectious Mononucleosis,Mono,,"363LP2300X,208000000X",,,,,,,,,,,,,
Infectious Mononucleosis,Mono,,"363LP2300X,208000000X",,,,,,,,,,,,,
Infertility,,,"363LP2300X,207V00000X,207RE0101X",,,,,,,,,,,,,
Inflammatory Bowel Disease,Crohn's Disease,,"363LP2300X,208000000X,207RG0100X,133N00000X",,,,,,,,,,,,,
Inherited Lipodystrophy,,,"207RE0101X,207RN0300X",,,,,,,,,,,,,
Insomnia,,,"363LP2300X,207QS1201X,2084P0800X,103T00000X",,,,,,,,,,,,,
Insulin Shots to a Child,,,"363LP2300X,208000000X",,,,,,,,,,,,,
Insulin Shots to Adults,,,363LP2300X,,,,,,,,,,,,,
Iron Deficiency Anemia,ferropenic,,"363LP2300X,207V00000X,207RG0100X,133N00000X",,,,,,,,,,,,,
Iron Overload Anemia,,,363LP2300X,,,,,,,,,,,,,
Irregular Menstrual Periods,,,207V00000X,,,,,,,,,,,,,
Irritable Bowel Syndrome,"IBS, spastic colon",,"363LP2300X,207RG0100X",,,,,,,,,,,,,
Ischemic Necrosis of Bone,,,"363LP2300X,207X00000X,207RR0500X",,,,,,,,,,,,,
Islet Cell Cancer,,,"207RX0202X,207RR0500X,207RR0500X,207RR0500X,208600000X,204F00000X,2085R0202X,207U00000X,geneticist",,,,,,,,,,,,,
Isoleucine 33 Amyloidosis,,,207RH0000X,,,,,,,,,,,,,
Jakob-Creutzfeldt Disease,"Creutzfeldt-Jakob disease, Jakob's Disease, CJD, subacute spongiform",,"363LP2300X,2084N0400X,2081H0002X,207T00000X",,,,,,,,,,,,,
Jansen Disease,,,207RR0500X,,,,,,,,,,,,,
Japanese B Encephalitis," flavivirus, Japanese B encephalitis",,"207RI0200X,2084N0400X,207RC0200X,travel medicine",,,,,,,,,,,,,
Jaundice in Newborns (Hyperbilirubinemia),,,"363LP2300X,208000000X,2080N0001X,207RG0100X",,,,,,,,,,,,,
Jejunal Atresia,,,"208000000X,2080N0001X,208600000X",,,,,,,,,,,,,
Job Stress,,,"2084P0800X,103T00000X",,,,,,,,,,,,,
Job Stress Management,,,"363LP2300X,103T00000X,2084P0800X",,,,,,,,,,,,,
Jock Itch, tinea cruris,,"363LP2300X,208000000X,207N00000X",,,,,,,,,,,,,
Johnson-Stevens Disease," SJS, erythema multiforme major",,"363LP2300X,208000000X,207W00000X,207N00000X,207RC0200X,207P00000X",,,,,,,,,,,,,
Jonston's Alopecia,,,207N00000X,,,,,,,,,,,,,
JRA Juvenile Rheumatoid Arthritis,,,207RR0500X,,,,,,,,,,,,,
Juvenile Diabetes,,,"363LP2300X,208000000X,207RE0101X,133N00000X,207P00000X",,,,,,,,,,,,,
Juvenile Retinoschisis,,,207W00000X,,,,,,,,,,,,,
Juvenile Rheumatoid Arthritis,,,207RR0500X,,,,,,,,,,,,,
Kawasaki Disease,,,"363LP2300X,208000000X,207RR0500X,207RC0000X,207K00000X,207P00000X",,,,,,,,,,,,,
Kegel Exercises,,,207V00000X,,,,,,,,,,,,,
Keratoconus,conical cornea,,"152W00000X,207W00000X",,,,,,,,,,,,,
Keratosis Seborrheic,senile wart,,"363LP2300X,208200000X,207N00000X",,,,,,,,,,,,,
Kernicterus,,,208000000X,,,,,,,,,,,,,
Kidney Disease,"Kidney Disease, Chronic",,207RN0300X,,,,,,,,,,,,,
Kidney Disease Diet,,,207RN0300X,,,,,,,,,,,,,
Kidney Failure,"Kidney Failure, Acute",,207RN0300X,,,,,,,,,,,,,
Kidney Stones,nephrolithiasis,,"363LP2300X,208000000X,207RN0300X,208800000X",,,,,,,,,,,,,
Klinefelter Syndrome,XXY syndrome,,"363LP2300X,208000000X,207RE0101X,208800000X,geneticist,235Z00000X",,,,,,,,,,,,,
Klippel-Trenaunay-Weber Syndrome,,,"363LP2300X,207N00000X,2086S0129X,207X00000X,208200000X,225100000X",,,,,,,,,,,,,
Knee Pain,,,207X00000X,,,,,,,,,,,,,
Knee Replacement Surgery,,,207T00000X,,,,,,,,,,,,,
Kneecap Instability,,,207X00000X,,,,,,,,,,,,,
Kneecap Tracking Disorder,,,207X00000X,,,,,,,,,,,,,
Kratom,,,363LP2300X,,,,,,,,,,,,,
KTW Syndrome,,,"2086S0129X,207T00000X,207N00000X,225100000X,225X00000X",,,,,,,,,,,,,
Labhart-Willi Syndrome,,,"363LP2300X,geneticist",,,,,,,,,,,,,
Labor and Delivery,,,207V00000X,,,,,,,,,,,,,
Labor and Delivery Complications,,,207V00000X,,,,,,,,,,,,,
Labyrinthine Positional Nystagmus,,,2084N0400X,,,,,,,,,,,,,
Labyrinthitis,,,"363LP2300X,207Y00000X,225100000X",,,,,,,,,,,,,
Lactation Mastitis,,,207V00000X,,,,,,,,,,,,,
Lactose Intolerance,milk intolerance,,"363LP2300X,208000000X,207RG0100X,133N00000X",,,,,,,,,,,,,
Lambert-Eaton Myasthenic Syndrome,,,"363LP2300X,2084N0400X",,,,,,,,,,,,,
Lamellar Ichthyosis,,,"207N00000X,207W00000X,207Y00000X,208200000X",,,,,,,,,,,,,
Langerhans Cell Histiocytosis,,,207RX0202X,,,,,,,,,,,,,
Latex Allergy,,,"363LP2300X,208000000X,207K00000X",,,,,,,,,,,,,
Laxatives,,,207RG0100X,,,,,,,,,,,,,
Lazy Eye,Amblyopia,,"208000000X,152W00000X,207W00000X",,,,,,,,,,,,,
Lennox-Gastaut Syndrome,,,2084N0400X,,,,,,,,,,,,,
Lennox-Gastaut Syndrome,LGS,,"208000000X,2084N0400X,2084P0800X,103T00000X",,,,,,,,,,,,,
Leukemia,Chronic Lymphocytic Leukemia,,207RH0000X,,,,,,,,,,,,,
Lice,,,207N00000X,,,,,,,,,,,,,
Lichen Amyloidosis,,,207N00000X,,,,,,,,,,,,,
Lichen Annularis,,,207N00000X,,,,,,,,,,,,,
Lichen Planus Sclerosus Atrophicus,,,207N00000X,,,,,,,,,,,,,
Lichen Psoriasis," LS, white spot disease",,"363LP2300X,207V00000X,207N00000X",,,,,,,,,,,,,
Lichen Ruber Planus,,,207N00000X,,,,,,,,,,,,,
Lichen Sclerosus,,,"363LP2300X,207V00000X,207N00000X",,,,,,,,,,,,,
Lichen Urticatus,,,"207V00000X,207N00000X",,,,,,,,,,,,,
limb-girdle muscular dystrophy,LGMD,,2084N0400X,,,,,,,,,,,,,
Lingua Fissurata,,,122300000X,,,,,,,,,,,,,
Lingua Nigra,,,363LP2300X,,,,,,,,,,,,,
Linguofacial Dyskinesia,,,2084N0400X,,,,,,,,,,,,,
Lipodystrophy,,,lipidologist,,,,,,,,,,,,,
Lipoma,,,"363LP2300X,207N00000X",,,,,,,,,,,,,
Liposarcoma,,,207RX0202X,,,,,,,,,,,,,
Lissencephaly,,,"208000000X,2084N0400X",,,,,,,,,,,,,
Listeria Infection,,,207V00000X,Female,,,,,,,,,,,,
Listeriosis,,,363LP2300X,,,,,,,,,,,,,
Liver Cancer,hepatic cancer,,"363LP2300X,207RX0202X,2081H0002X,207RI0008X,204F00000X",,,,,,,,,,,,,
Localized Epidermolysis Bullosa,,,207N00000X,,,,,,,,,,,,,
Lou Gehrig's Disease,"ALS, amyotrophic lateral sclerosis",,"363LP2300X,207RP1001X,2084N0400X,225X00000X,2081H0002X,235Z00000X",,,,,,,,,,,,,
Low Back Pain,lumbago,,"363LP2300X,207X00000X,208VP0000X,225100000X,207P00000X",,,,,,,,,,,,,
Low Blood Pressure,,,"363LP2300X,207RC0000X",,,,,,,,,,,,,
Low Potassium Syndrome,,,207RN0300X,,,,,,,,,,,,,
Low-Carb Diets for Weight Loss,,,"363LP2300X,133V00000X,133N00000X",,,,,,,,,,,,,
Lumbar Pain,lumbago,,"363LP2300X,207X00000X,207T00000X,207XS0117X,207P00000X,208VP0000X",,,,,,,,,,,,,
Lung Cancer,,,"363LP2300X,207RP1001X,207RX0202X,2081H0002X,208G00000X",,,,,,,,,,,,,
Lung Cancer,,,"363LP2300X,207RX0202X,207RP1001X,2085R0202X",,,,,,,,,,,,,
Lung Carcinoid Tumors,,,"363LP2300X,207RP1001X,207RX0202X,2081H0002X,208G00000X",,,,,,,,,,,,,
Lung Disease,Respiratory Problems,,207RP1001X,,,,,,,,,,,,,
Lung Nocardiosis,,,"207RP1001X,207RI0200X",,,,,,,,,,,,,
Lupus,"SLE, systemic lupus erythematosus",,"363LP2300X,207RP1001X,207RR0500X,207RC0000X,207RN0300X",,,,,,,,,,,,,
Lyme Disease,borreliosis,,"363LP2300X,208000000X,207RR0500X,2084N0400X,207RI0200X",,,,,,,,,,,,,
Lymph Node Cancer,,,"363LP2300X,207RH0000X",,,,,,,,,,,,,
Lymphangioleimyomatosis,LAM,,207RP1001X,,,,,,,,,,,,,
Lymphedema, lymphatic obstruction,,"363LP2300X,225100000X,208100000X,225X00000X",,,,,,,,,,,,,
"Lymphoma, Non-Hodgkin's",lymphatic cancer,,"207RX0202X,2085R0001X,207RH0000X",,,,,,,,,,,,,
Lysosomal Storage Disorders,,,"207RC0000X,207RN0300X,207X00000X,2084N0400X",,,,,,,,,,,,,
Macular Degeneration,,,"363LP2300X,152W00000X,207W00000X",,,,,,,,,,,,,
Male Sexual Problems,,,208800000X,Male,,,,,,,,,,,,
Malignant Appendical Tumor,,,207RX0202X,,,,,,,,,,,,,
Malignant Carcinoid Syndrome,,,"207RX0202X,207RE0101X,207RG0100X,207RP1001X",,,,,,,,,,,,,
Malignant Large Bowel Tumor,,,207RX0202X,,,,,,,,,,,,,
Malignant Mesothelioma,,,"207RX0202X,207RP1001X",,,,,,,,,,,,,
Mallet Toes,rotated toe,,"363LP2300X,213E00000X,207X00000X,225100000X",,,,,,,,,,,,,
Malocclusion and Orthodontics,malocclusion,,"122300000X,1223X0400X",,,,,,,,,,,,,
Mammary Paget's Disease,,,"363LP2300X,207RX0202X",,,,,,,,,,,,,
Mandibular Ameloblastoma,,,"204E00000X,207Y00000X",,,,,,,,,,,,,
Manic Depression in Children and Teens,,,"2084P0800X,103T00000X",,,,,,,,,,,,,
Manic Episode,,,2084P0800X,,,,,,,,,,,,,
Melanoma,"malignant melanoma, Skin Cancer",,"363LP2300X,207N00000X,208200000X,207RX0202X",,,,,,,,,,,,,
Menopause,,,"363LP2300X,207V00000X",Female,,,,,,,,,,,,
Men's Health,,,"363LP2300X,208800000X",Male,,,,,,,,,,,,
Meralgia Paresthetica,,,"2084N0400X,208200000X",,,,,,,,,,,,,
Metabolic Panel,,,"207RE0101X,207RC0000X",,,,,,,,,,,,,
Metabolic Syndrome,syndrome X,,"363LP2300X,207RC0000X,207RE0101X,133N00000X",,,,,,,,,,,,,
Metastatic Melanoma,malignant melanoma,,"363LP2300X,207RX0202X,207N00000X,208200000X",,,,,,,,,,,,,
Methicillin-resistant Staphylococcus aureus,MRSA,,"363LP2300X,207N00000X",,,,,,,,,,,,,
Microangiopathic Hemolytic Anemia,,,"363LP2300X,207RH0000X",,,,,,,,,,,,,
Micropolygyria with Muscular Dystrophy,,,2084N0400X,,,,,,,,,,,,,
Middle Ear Infection,otitis media,,"363LP2300X,208000000X,207Y00000X,231H00000X",,,,,,,,,,,,,
Migraine Headaches,,,"363LP2300X,2084N0400X",,,,,,,,,,,,,
migraine triggers,migraine headache,,"363LP2300X,2084N0400X",,,,,,,,,,,,,
Milk Allergy, dairy allergy,,"363LP2300X,208000000X,207K00000X,207RG0100X",,,,,,,,,,,,,
Milk Intolerance,Lactose intolerance,,"363LP2300X,208000000X,207RG0100X,133N00000X",,,,,,,,,,,,,
Mind-Body Wellness,,,"111N00000X,171100000X,103T00000X,yoga",,,,,,,,,,,,,
Mini-Stroke,"TIA, Transient ischemic attack",,"363LP2300X,2084N0400X,207P00000X,2086S0129X",,,,,,,,,,,,,
Miscarriage,,,207V00000X,,,,,,,,,,,,,
Misophonia,,,"363LP2300X,2084P0800X,103T00000X",,,,,,,,,,,,,
Missed Period,,,207V00000X,,,,,,,,,,,,,
Mitchell Disease,,,"207N00000X,2084N0400X,207RR0500X,2086S0129X",,,,,,,,,,,,,
Mitral Valve Regurgitation,,,207RC0000X,,,,,,,,,,,,,
Mixed Connective Tissue Disease,MCTD,,207RR0500X,,,,,,,,,,,,,
Mixed Hepatic Porphyria,,,"363LP2300X,207RH0000X",,,,,,,,,,,,,
Moles,"pigmented nevus, Melanocytic nevus",,"363LP2300X,208000000X,207N00000X,208200000X",,,,,,,,,,,,,
Molluscum Contagiosum,,,"363LP2300X,208000000X,207N00000X",,,,,,,,,,,,,
Monomodal Visual Amnesia,,,2084N0400X,,,,,,,,,,,,,
Morgagni-Turner-Albright Syndrome,,,"363LP2300X,208000000X,1223X0400X,207RE0101X,208200000X",,,,,,,,,,,,,
Morning Sickness,,,"363LP2300X,207V00000X",,,,,,,,,,,,,
Morning Sickness,,,"363LP2300X,207V00000X",,,,,,,,,,,,,
Morvan Disease,Syringomyelia,,2084N0400X,,,,,,,,,,,,,
Motion Sickness,"travel sickness, space adaptation syndrome",,363LP2300X,,,,,,,,,,,,,
Motor Neuron Disease,,,2084N0400X,,,,,,,,,,,,,
Mountain Fever,"Rocky Mountain spotted fever, RMSF, tick fever, black measles",,"363LP2300X,207RI0200X,207P00000X",,,,,,,,,,,,,
Mouth Cancer,"Oral Cancer, oral cavity cancer",,"207Y00000X,207RX0202X",,,,,,,,,,,,,
Mucopolysaccharidoses,,,"208000000X,2084N0400X,207RC0000X,207W00000X,231H00000X,207T00000X,225100000X,225X00000X",,,,,,,,,,,,,
Mucopolysaccharidoses ,MPS,,"208000000X,207Y00000X,2084N0400X,207RC0000X,207W00000X,231H00000X,207T00000X,225100000X,225X00000X",,,,,,,,,,,,,
Mucous Membrane Pemphigoid,MMP,,"207N00000X,207W00000X",,,,,,,,,,,,,
Mud Fever,,,363LP2300X,,,,,,,,,,,,,
Multifocal Motor Neuropathy,GAN,,2084N0400X,,,,,,,,,,,,,
Multifocal Motor Neuropathy,MMN,,"363LP2300X,2084N0400X",,,,,,,,,,,,,
Multiple Endocrine Deficiency Syndrome,,,207RE0101X,,,,,,,,,,,,,
Multiple Lentigines Syndrome,,,"207N00000X,207RC0000X,207RE0101X,207X00000X",,,,,,,,,,,,,
Multiple Myeloma,Kahler's disease,,"363LP2300X,207RX0202X",,,,,,,,,,,,,
Multiple Peripheral Neuritis,,,2084N0400X,,,,,,,,,,,,,
Multiple Polyposis of the Colon,,,"207RG0100X,208C00000X",,,,,,,,,,,,,
Multiple Pregnancy: Twins or More,,,207V00000X,,,,,,,,,,,,,
Multiple Sclerosis,MS,,"363LP2300X,2084N0400X,103T00000X,235Z00000X,225X00000X,225100000X",,,,,,,,,,,,,
Multiple Sulfatase Deficiency,,,225100000X,,,,,,,,,,,,,
Multiple Symmetric Lipomatosis,,,208200000X,,,,,,,,,,,,,
multiple system atrophy ,MSA,,2084N0400X,,,,,,,,,,,,,
Mumps,parotitis,,"363LP2300X,208000000X,207RI0200X",,,,,,,,,,,,,
Munchausen Syndrome by Proxy,,,2084P0800X,,,,,,,,,,,,,
Murk Jansen Metaphyseal Chondrodysplasia,,,"207X00000X,207T00000X",,,,,,,,,,,,,
Muscular Dystrophies,MD,,"363LP2300X,2084N0400X,207RG0100X,207RP1001X,207RC0000X,225X00000X,208100000X",,,,,,,,,,,,,
Muscular Dystrophy,DMD,,"363LP2300X,2084N0400X",,,,,,,,,,,,,
Myasthenia Gravis,MG,,2084N0400X,,,,,,,,,,,,,
Myelodysplastic Syndrome,"MDS, preleukemia",,"363LP2300X,207RX0202X,207RH0000X",,,,,,,,,,,,,
Nail Fungus,,,"363LP2300X,213E00000X,207N00000X",,,,,,,,,,,,,
Nail Patella Syndrome,,,"208000000X,207T00000X,225100000X",,,,,,,,,,,,,
Nail-Biting,,,363LP2300X,,,,,,,,,,,,,
Narcolepsy,,,"363LP2300X,207QS1201X",,,,,,,,,,,,,
Narcoleptic Syndrome,,,"363LP2300X,2084N0400X,207QS1201X",,,,,,,,,,,,,
Nasal Septal Perforation Repair,,,207Y00000X,,,,,,,,,,,,,
Nasopharyngeal Cancer,,,"207Y00000X,207RX0202X",,,,,,,,,,,,,
Naturopathic Medicine,,,175F00000X,,,,,,,,,,,,,
Navicular Fracture of the Wrist,,,207X00000X,,,,,,,,,,,,,
Nearsightedness, Myopia,,"152W00000X,207W00000X",,,,,,,,,,,,,
Neck Pain,,,"208100000X,2084N0400X,2081S0010X,207XS0117X,225100000X",,,,,,,,,,,,,
Necrotizing Enterocolitis,,,"207RG0100X,133N00000X",,,,,,,,,,,,,
Necrotizing Fasciitis,Flesh-eating disease,,"207RI0200X,208200000X,208600000X,207RC0200X",,,,,,,,,,,,,
Necrotizing Fasciitis of the Perineum,,,"208200000X,208600000X",,,,,,,,,,,,,
Needle Aspiration Biopsy,,,"207ZC0006X,2085R0202X",,,,,,,,,,,,,
Neonatal Listeriosis,,,"2080N0001X,207RI0200X",,,,,,,,,,,,,
Nephro carcinoma,,,208800000X,,,,,,,,,,,,,
Nephrogenic Diabetes Insipidus,NDI,,363LP2300X,,,,,,,,,,,,,
Nephrogenic Diabetes Insipidus,,,"363LP2300X,207RE0101X",,,,,,,,,,,,,
Nephropathy Diabetic,,,207RN0300X,,,,,,,,,,,,,
Neurofibromatosis,,,"363LP2300X,2084N0400X,207T00000X,207W00000X,geneticist",,,,,,,,,,,,,
Nicotine Withdrawal,,,"363LP2300X,2084P0800X",,,,,,,,,,,,,
Night Blindness,,,207W00000X,,,,,,,,,,,,,
Night Eating,,,363LP2300X,,,,,,,,,,,,,
Nocardiosis,,,"207RI0200X,208G00000X,208600000X,207RX0202X,207T00000X,207RP1001X",,,,,,,,,,,,,
Nocturnal Enuresis,,,"363LP2300X,208000000X",,,,,,,,,,,,,
Nonalcoholic Fatty Liver Disease,NAFLD,,"363LP2300X,207RE0101X,207RG0100X,207RI0008X,133N00000X",,,,,,,,,,,,,
Nonalcoholic Steatohepatitis,"Nonalcoholic fatty liver disease, NASH",,"363LP2300X,207RE0101X,207RG0100X,207RI0008X,133N00000X",,,,,,,,,,,,,
Non-Hodgkin's Lymphoma,NHL,,"207RX0202X,207RH0000X,2085R0001X",,,,,,,,,,,,,
Noninfectious Uveitis,,,207W00000X,,,,,,,,,,,,,
Nonmelanoma Skin Cancer,,,"363LP2300X,207N00000X,208200000X,207RX0202X,207ZC0006X,2085R0001X",,,,,,,,,,,,,
Non-Scarring Epidermolysis Bullosa,,,207N00000X,,,,,,,,,,,,,
Non-Small Cell Lung Cancer,,,"207RP1001X,207RX0202X,208G00000X",,,,,,,,,,,,,
nonsteroidal anti-inflammatory drugs,NSAID,,"207X00000X,207RR0500X",,,,,,,,,,,,,
Nonthrombocytopenic Idiopathic Purpura,,,207RH0000X,,,,,,,,,,,,,
Nontraditional Medicine,,,175F00000X,,,,,,,,,,,,,
Noonan Syndrome,,,"363LP2300X,208000000X",,,,,,,,,,,,,
Normal Menstrual Cycle,,,207V00000X,,,,,,,,,,,,,
Noroviruses,,,363LP2300X,,,,,,,,,,,,,
Norrbottnian Gaucher Disease,,,363LP2300X,,,,,,,,,,,,,
Nose Fracture,Broken nose,,"363LP2300X,207Y00000X,207P00000X",,,,,,,,,,,,,
Nosebleed,,,207Y00000X,,,,,,,,,,,,,
Nosebleed Stopping,,,207Y00000X,,,,,,,,,,,,,
Nutrition,,,"363LP2300X,208000000X,133V00000X,133N00000X",,,,,,,,,,,,,
Nutritional Rickets,,,208000000X,,,,,,,,,,,,,
Nystagmus Benign Paroxysmal Positional,BPPV,,"363LP2300X,2084N0400X,207Y00000X,225100000X",,,,,,,,,,,,,
Obstetric Panel,,,207V00000X,,,,,,,,,,,,,
Obstructive Hypertrophic Cardiomyopathy,"HCM, hypertrophic obstructive cardiomyopathy",,"363LP2300X,207RC0000X",,,,,,,,,,,,,
Obstructive Sleep Apnea,,,"363LP2300X,207RP1001X",,,,,,,,,,,,,
Occupational Therapy,,,"363LP2300X,2084N0400X,2084P0800X,111N00000X",,,,,,,,,,,,,
"Ocular Motor Apraxia, Cogan Type",,,"2084N0400X,207W00000X,152W00000X",,,,,,,,,,,,,
Oculocutaneous Albinism,,,"363LP2300X,207W00000X,207N00000X",,,,,,,,,,,,,
Oculosympathetic Palsy,Horner's syndrome,,"363LP2300X,207W00000X,207Y00000X,2084N0400X",,,,,,,,,,,,,
Olecranon Bursitis,,,207X00000X,,,,,,,,,,,,,
Oophorectomy,,,"207V00000X,207RX0202X",Female,,,,,,,,,,,,
Opportunistic Infections,,,"363LP2300X,207RI0200X",,,,,,,,,,,,,
Opthalmo Neuromyelitis,,,2084N0400X,,,,,,,,,,,,,
Optic Neuromyelitis,,,"2084N0400X,207W00000X,208800000X",,,,,,,,,,,,,
Oral Cancer,oral cavity cancer,,"207RX0202X,207Y00000X,2085R0001X",,,,,,,,,,,,,
Oral Galvanism,,,122300000X,,,,,,,,,,,,,
Oral Health,,,122300000X,,,,,,,,,,,,,
Oral-Facial Dyskinesia,,,"2084N0400X,2084P0800X,204E00000X",,,,,,,,,,,,,
Organ Transplant,,,204F00000X,,,,,,,,,,,,,
Osgood-Schlatter disease,"Osgood Schlatter Condition, osteochondrosis, tibial tubercle apophysitis",,"363LP2300X,208000000X,225100000X",,,,,,,,,,,,,
Osteoporosis,,,"363LP2300X,207V00000X,207T00000X,207RE0101X,207QG0300X,225100000X,133N00000X",,,,,,,,,,,,,
Ovarian Cancer,,,"207V00000X,207RX0202X,2085R0001X,2081H0002X",,,,,,,,,,,,,
Ovarian Cysts,cystic ovarian mass,,"363LP2300X,207V00000X",,,,,,,,,,,,,
Ovarian Epithelial Cancer,,,"207V00000X,207RX0202X",,,,,,,,,,,,,
Ovarian Hyperthecosis,,,207V00000X,,,,,,,,,,,,,
Ovarian Syndrome,Polycystic ovary syndrome,,"363LP2300X,207V00000X,207RE0101X",,,,,,,,,,,,,
Overactive Thyroid,Hyperthyroidism,,"363LP2300X,207RE0101X",,,,,,,,,,,,,
Overweight Child,,,208000000X,,,,,,,,,,,,,
Pain syndrome,Fibromyalgia,,"363LP2300X,207RR0500X",,,,,,,,,,,,,
Pancreatic Cancer,,,"207RX0202X,207RG0100X,2081H0002X,208600000X",,,,,,,,,,,,,
Panic and Anxiety Disorders,,,"2084P0800X,103T00000X,104100000X",,,,,,,,,,,,,
"Parathyroid, Underactivity of",,,207RE0101X,,,,,,,,,,,,,
Paroxysmal Nocturnal Hemoglobinuria,PNH,,"363LP2300X,207RH0000X",,,,,,,,,,,,,
Paroxysmal Positional Nystagmus,BPPV,,"363LP2300X,207Y00000X,2084N0400X,225100000X",,,,,,,,,,,,,
Paroxysmal Sleep,,,363LP2300X,,,,,,,,,,,,,
Patau Syndrome,D Trisomy Syndrome,,"2080P0202X,2080N0001X,geneticist",,,,,,,,,,,,,
Pediatric ADHD,,,"363LP2300X,208000000X",,,,,,,,,,,,,
Pelvic Inflammatory Disease,"PID, pelvic infection",,"363LP2300X,207V00000X,207P00000X",,,,,,,,,,,,,
Peptic Ulcer,Stomach ulcer,,"363LP2300X,207RG0100X",,,,,,,,,,,,,
Peripheral Vascular Disease,"PVD, Peripheral artery disease",,"363LP2300X,207RC0000X,2086S0129X",,,,,,,,,,,,,
Pfeiffer Syndrome,Pfeiffer Syndrome Type I,,"208200000X,207T00000X",,,,,,,,,,,,,
Phakomatosis TS,,,"103T00000X,208100000X,geneticist,2085R0202X",,,,,,,,,,,,,
Pharmacogenic Myopathy,,,"363LP2300X,207RR0500X",,,,,,,,,,,,,
Phenylketonuria,PKU,,"363LP2300X,208000000X,133N00000X,103T00000X,geneticist",,,,,,,,,,,,,
Phobias,,,"2084P0800X,103T00000X",,,,,,,,,,,,,
Physical Abuse,,,"363LP2300X,101YM0800X",,,,,,,,,,,,,
Physical Allergy Urticaria,,,"363LP2300X,207N00000X,207KA0200X",,,,,,,,,,,,,
Physical Fitness,,,2081S0010X,,,,,,,,,,,,,
"Physical Urticaria, Cholinergic Type",,,207N00000X,,,,,,,,,,,,,
Pica,,,103T00000X,,,,,,,,,,,,,
Pick's Disease,,,"2084N0400X,103T00000X",,,,,,,,,,,,,
Piercings,,,207N00000X,,,,,,,,,,,,,
Pilonidal Disease,"pilonidal sinus, Pilonidal cyst",,"363LP2300X,207RH0000X,208600000X",,,,,,,,,,,,,
Placebo,,,363LP2300X,,,,,,,,,,,,,
Placental Abruption,,,207V00000X,Female,,,,,,,,,,,,
Plaque,,,122300000X,,,,,,,,,,,,,
Plasmapheresis,,,"207RC0000X,207RH0000X,207RN0300X,2084N0400X",,,,,,,,,,,,,
Platelet,,,"363LP2300X,207RH0000X",,,,,,,,,,,,,
Pleura,,,"207RP1001X,207RR0500X,207RG0100X,207RN0300X",,,,,,,,,,,,,
Pleuritis,,,207RP1001X,,,,,,,,,,,,,
Pneumonia,,,"363LP2300X,207RP1001X,207RI0200X",,,,,,,,,,,,,
Pollen,,,"363LP2300X,207K00000X",,,,,,,,,,,,,
Polycystic Kidney Disease,,,"363LP2300X,207RN0300X",,,,,,,,,,,,,
Polycystic Ovary Syndrome,PCOS,,"363LP2300X,207V00000X,207RE0101X",,,,,,,,,,,,,
Polycythemia Vera,,,"207RH0000X,207RX0202X",,,,,,,,,,,,,
Polymyalgia Rheumatica,,,"363LP2300X,207RR0500X",,,,,,,,,,,,,
Polymyositis,,,"207RR0500X,2084N0400X",,,,,,,,,,,,,
Polyp,,,"207RG0100X,208C00000X",,,,,,,,,,,,,
Pompe Disease,,,"207RC0000X,207RP1001X,207RG0100X,133N00000X,225100000X,225X00000X,235Z00000X,2084N0400X",,,,,,,,,,,,,
Poor Eyesight from Diabetes,,,"363LP2300X,207W00000X",,,,,,,,,,,,,
Porcelain Inlay,,,122300000X,,,,,,,,,,,,,
Pornography Addiction,,,"363LP2300X,2084P0800X,103T00000X",,,,,,,,,,,,,
Positron Emission Tomography,PET,,"363LP2300X,2084N0400X",,,,,,,,,,,,,
Postcoital Test,,,"207V00000X,207RE0101X",,,,,,,,,,,,,
Postmenopausal,Menopause,,"363LP2300X,207V00000X,207RE0101X",,,,,,,,,,,,,
Postpartum Depression,,,"363LP2300X,207V00000X,2084P0800X,103T00000X",,,,,,,,,,,,,
Post-Polio Syndrome,PPS,,"363LP2300X,2084N0400X,208100000X,207X00000X",,,,,,,,,,,,,
Posttraumatic Stress Disorder,PTSD,,"363LP2300X,2084P0800X,103T00000X",,,,,,,,,,,,,
Posttraumatic Stress Syndrome,,,"363LP2300X,2084P0800X,103T00000X",,,,,,,,,,,,,
Postural Tremor,,,2084N0400X,,,,,,,,,,,,,
Prader Willi Syndrome,PWS,,"208000000X,207RE0101X,geneticist,207RP1001X,2084P0800X,133N00000X",,,,,,,,,,,,,
Prader-Labhart-Willi Fancone Syndrome,,,"363LP2300X,207RE0101X",,,,,,,,,,,,,
Prealbumin Tyr-77 Amyloidosis,,,207RH0000X,,,,,,,,,,,,,
Precocious Puberty,,,207RE0101X,,,,,,,,,,,,,
Prediabetes,impaired glucose tolerance,,"363LP2300X,207RE0101X,133N00000X",,,,,,,,,,,,,
Preeclampsia and High Blood Pressure,,,363LP2300X,,,,,,,,,,,,,
Pregnancy with Asthma,,,"207V00000X,207RP1001X",,,,,,,,,,,,,
Pregnancy-Induced Hypertension,,,207V00000X,,,,,,,,,,,,,
Premature Ejaculation,,,208800000X,Male,,,,,,,,,,,,
Premature Infant,,,"207V00000X,2080N0001X",,,,,,,,,,,,,
Premature Ovarian Failure,Early menopause,,"363LP2300X,207V00000X,207RE0101X,geneticist",,,,,,,,,,,,,
Premature Senility Syndrome,,,"363LP2300X,2084N0400X,2084P0800X,103T00000X,207QG0300X",,,,,,,,,,,,,
Premenstrual Syndrome,PMS,,"363LP2300X,207V00000X",,,,,,,,,,,,,
Presbyopia,,,"152W00000X,207W00000X",,,,,,,,,,,,,
Presenile Tremor Syndrome,,,363LP2300X,,,,,,,,,,,,,
Pressure Sores,Bed sore,,"363LP2300X,207QG0300X,133N00000X,208200000X,207RC0200X",,,,,,,,,,,,,
Preterm Labor,,,207V00000X,,,,,,,,,,,,,
Prevention of Liver Cancer,,,207RI0008X,,,,,,,,,,,,,
Primary Amyloidosis,,,"207RR0500X,207RC0000X,207N00000X,207Y00000X,207RG0100X,207RH0000X,207RX0202X,207RN0300X",,,,,,,,,,,,,
Primary Biliary Cirrhosis,,,"363LP2300X,207RG0100X,207RI0008X",,,,,,,,,,,,,
Primary Biliary Cirrhosis,PBC,,"363LP2300X,207RI0008X,207RG0100X,204F00000X",,,,,,,,,,,,,
Primary Ciliary Dyskinesia,,,"207Y00000X,207RP1001X",,,,,,,,,,,,,
Primary Cutaneous Amyloidosis,,,"207RH0000X,207RC0000X,207RG0100X,207RP1001X,207RN0300X,2084N0400X",,,,,,,,,,,,,
Primary Immunodeficiency,,,"363LP2300X,207K00000X",,,,,,,,,,,,,
Prostate Cancer,prostatic carcinoma,,"207RX0202X,2085R0001X,208800000X",,,,,,,,,,,,,
Prostate Englargement,"BPH, Benign prostatic hyperplasia",,"363LP2300X,207QG0300X,208800000X",,,,,,,,,,,,,
Protein Losing Enteropathy,"Gastroenteropathy, Protein Losing",,207RC0000X,,,,,,,,,,,,,
Psoriasis,,,207N00000X,,,,,,,,,,,,,
Pubic Lice,Crabs,,363LP2300X,,,,,,,,,,,,,
Pudendal Neuralgia,,,"207V00000X,208800000X",Female,,,,,,,,,,,,
Pulmonary Arterial Hypertension,,,"363LP2300X,207RC0000X,207RP1001X,207RC0200X",,,,,,,,,,,,,
Pulmonary Arterial Hypertension,,,"363LP2300X,207RC0000X,207RP1001X,207RC0200X",,,,,,,,,,,,,
Pulmonary Embolism,,,"363LP2300X,207RC0000X,207RP1001X,207RC0200X,207RH0000X,207P00000X",,,,,,,,,,,,,
Pulmonary Hypertension,,,"207RC0000X,207RP1001X,207RR0500X",,,,,,,,,,,,,
Pulmonary Lymphangiomyomatosis,,,207RP1001X,,,,,,,,,,,,,
Pump Lung,,,207RP1001X,,,,,,,,,,,,,
Pure Cutaneous Histiocytosis,,,"363LP2300X,207RX0202X",,,,,,,,,,,,,
Purpura Hemorrhagica ITP,,,207RH0000X,,,,,,,,,,,,,
"Purpura, Henoch-Schonlein","HSP, spring fever, Henoch-Schnlein purpura, IgA Vasculitis",,"363LP2300X,207RN0300X",,,,,,,,,,,,,
Purulent Arthritis,,,207RR0500X,,,,,,,,,,,,,
Quitting Smoking,,,363LP2300X,,,,,,,,,,,,,
Rabbit Fever,,,363LP2300X,,,,,,,,,,,,,
Rabies,,,"207RI0200X,207P00000X",,,,,,,,,,,,,
Rabson-Mendenhall Syndrome,,,"363LP2300X,122300000X",,,,,,,,,,,,,
Radial Head Subluxation,,,207X00000X,,,,,,,,,,,,,
Radiation Disease,,,2085R0001X,,,,,,,,,,,,,
Radiation Effects,,,2085R0001X,,,,,,,,,,,,,
Radiation Illness,,,2085R0001X,,,,,,,,,,,,,
Radiation Injuries,,,2085R0001X,,,,,,,,,,,,,
Radiation Reaction,,,2085R0001X,,,,,,,,,,,,,
Radiation Sickness,,,2085R0001X,,,,,,,,,,,,,
Radiation Syndromes,,,2085R0001X,,,,,,,,,,,,,
Radiation Therapy for Cancer,,,2085R0001X,,,,,,,,,,,,,
Radon,,,"363LP2300X,2085R0202X,207RP1001X,207RX0202X",,,,,,,,,,,,,
Raising Fit Kids,,,208000000X,,,,,,,,,,,,,
Rapp Hodgkin Syndrome,,,"363LP2300X,207W00000X,235Z00000X",,,,,,,,,,,,,
Rash,,,"363LP2300X,207N00000X",,,,,,,,,,,,,
Raynaud's Phenomenon,Raynaud's phenomenon,,"363LP2300X,207RR0500X,207N00000X",,,,,,,,,,,,,
Razor Bumps,,,"363LP2300X,207N00000X",,,,,,,,,,,,,
Reactive Attachment Disorder,,,"2084P0800X,103T00000X",,,,,,,,,,,,,
Recessive X-linked Ichthyosis,,,207N00000X,,,,,,,,,,,,,
Rectal Cancer,Colon cancer,,"207RX0202X,207RG0100X",,,,,,,,,,,,,
Rectal Prolapse,,,"363LP2300X,207V00000X,207RG0100X,208C00000X",,,,,,,,,,,,,
Recurrent Multiple Myeloma,,,"363LP2300X,207RH0000X",,,,,,,,,,,,,
Red Measles,rubeola,,"363LP2300X,208000000X,207RI0200X",,,,,,,,,,,,,
Redwater Fever,,,363LP2300X,,,,,,,,,,,,,
Reflex Neurovascular Dystrophy,Complex regional pain syndrome,,"363LP2300X,2084N0400X,225100000X,225X00000X,208100000X",,,,,,,,,,,,,
Refractory Anemia,,,207RH0000X,,,,,,,,,,,,,
Refractory Epilepsy,,,2084N0400X,,,,,,,,,,,,,
Rehabilitation for a Meniscus Tear,,,"363LP2300X,207X00000X,207T00000X,2081S0010X",,,,,,,,,,,,,
Rehabilitation for Multiple Sclerosis,,,"2084N0400X,208100000X",,,,,,,,,,,,,
Renal Cell Carcinoma,hypernephroma,,"363LP2300X,207RN0300X,207RX0202X,208800000X,2081H0002X",,,,,,,,,,,,,
Restless Legs Syndrome,RLS,,"363LP2300X,2084N0400X,207QS1201X",,,,,,,,,,,,,
Retinitis Pigmentosa,RP,,207W00000X,,,,,,,,,,,,,
Rett Syndrome,"RS, RTS, cerebroatrophic hyperammonemia",,"208000000X,2084N0400X,geneticist,235Z00000X,207T00000X,207RC0000X,225100000X,133N00000X",,,,,,,,,,,,,
Rett Syndrome,"RTS, cerebroatrophic hyperammonemia",,"208000000X,2084N0400X,geneticist,235Z00000X,207T00000X,207RC0000X,225100000X,133N00000X",,,,,,,,,,,,,
Rheumatic Chorea,,,"363LP2300X,207RC0000X",,,,,,,,,,,,,
Rheumatic Purpura,"IgA Vasculitis, HSP, spring fever, Henoch-Schnlein purpura",,"363LP2300X,207RN0300X",,,,,,,,,,,,,
Rheumatoid Arthritis,,,"363LP2300X,207RR0500X,207QG0300X,225100000X",,,,,,,,,,,,,
Rickets,osteomalacia,,"363LP2300X,208000000X,207RE0101X,133N00000X",,,,,,,,,,,,,
Ringed Eruption,Granuloma Annulare,,207N00000X,,,,,,,,,,,,,
Ringworm,,,207N00000X,,,,,,,,,,,,,
Rocky Mountain Spotted Fever,"RMSF, tick fever, black measles",,"363LP2300X,207RI0200X,207P00000X",,,,,,,,,,,,,
ROP,Retinopathy of Prematurity,,207W00000X,,,,,,,,,,,,,
Rosacea,,,207N00000X,,,,,,,,,,,,,
Roseola,sixth disease,,"208000000X,207P00000X",,,,,,,,,,,,,
Rotator Cuff Disorders,,,"207X00000X,207T00000X",,,,,,,,,,,,,
Rotator Cuff Rehabilition,,,"207X00000X,207T00000X",,,,,,,,,,,,,
RSV Infection,,,363LP2300X,,,,,,,,,,,,,
Rubella,German Measles,,"208000000X,207RI0200X,207P00000X",,,,,,,,,,,,,
Rubeola,Measles,,"208000000X,207RI0200X,207P00000X",,,,,,,,,,,,,
Ruptured Disc,"Herniated disc, spinal disc herniation",,"363LP2300X,207X00000X,2084N0400X,225100000X,207T00000X,207P00000X",,,,,,,,,,,,,
Russian Autumnal Encephalitis,,,"2084N0400X,207RI0200X",,,,,,,,,,,,,
Sacrococcygeal Chordoma,,,"207T00000X,207RX0202X,2085R0001X",,,,,,,,,,,,,
Sacroiliac Joint Pain,,,"207RR0500X,207X00000X,207T00000X",,,,,,,,,,,,,
S-adenosylmethinoine,SAM-e,,363LP2300X,,,,,,,,,,,,,
Salivary Gland Infection,,,207Y00000X,,,,,,,,,,,,,
Salmonellosis,salmonellosis,,"363LP2300X,207RI0200X,207RG0100X",,,,,,,,,,,,,
Sarcoid of Boeck,Sarcoidosis,,"363LP2300X,207N00000X,207RR0500X,207RP1001X,207W00000X",,,,,,,,,,,,,
Saw Palmetto,,,208800000X,,,,,,,,,,,,,
Scabies,sarcoptic mange,,"363LP2300X,208000000X,207N00000X",,,,,,,,,,,,,
Scalded Skin Syndrome,,,207N00000X,,,,,,,,,,,,,
Scarlet Fever,scarlatina,,"363LP2300X,208000000X",,,,,,,,,,,,,
Scarring Bullosa,,,207N00000X,,,,,,,,,,,,,
Scars,,,207N00000X,,,,,,,,,,,,,
Schizophrenia,,,"2084P0800X,103T00000X",,,,,,,,,,,,,
Scoliosis,Curvature of the Spine,,"363LP2300X,208000000X,207X00000X",,,,,,,,,,,,,
Seasonal Affective Disorder,"SAD, seasonal depression",,"363LP2300X,2084P0800X,103T00000X",,,,,,,,,,,,,
Secondary Psychosis,,,"363LP2300X,2084P0800X,103T00000X",,,,,,,,,,,,,
Severe Acute Respiratory Syndrome,SARS,,"363LP2300X,207RP1001X,207RI0200X,207RC0200X,207P00000X",,,,,,,,,,,,,
Shaken Baby Syndrome,,,"208000000X,207RC0200X,2086S0120X,207W00000X,2084N0400X,207T00000X",,,,,,,,,,,,,
Shigellosis,,,"207RG0100X,207RI0200X",,,,,,,,,,,,,
Shingles,herpes zoster,,363LP2300X,,,,,,,,,,,,,
Shock,,,363LP2300X,,,,,,,,,,,,,
Shock Lung,,,"363LP2300X,207RC0000X",,,,,,,,,,,,,
Short Bowel Syndrome,,,"363LP2300X,208000000X,207RG0100X",,,,,,,,,,,,,
Sickle Cell Crisis,,,207RH0000X,,,,,,,,,,,,,
Sitz Bath,,,"363LP2300X,207RG0100X,208C00000X",,,,,,,,,,,,,
Sjogren's Syndrome,,,207RR0500X,,,,,,,,,,,,,
Skin Cancer,,,"207N00000X,207RX0202X",,,,,,,,,,,,,
Skin Rash,,,"363LP2300X,207N00000X",,,,,,,,,,,,,
Skin Tag,,,"363LP2300X,207N00000X",,,,,,,,,,,,,
Skull Base Chordoma,,,"2084N0400X,207T00000X,207RX0202X,207X00000X,208800000X",,,,,,,,,,,,,
Sleep Apnea,,,"363LP2300X,207QS1201X",,,,,,,,,,,,,
Sleep Disorders,,,"363LP2300X,207QS1201X",,,,,,,,,,,,,
Sleep Epilepsy,,,"363LP2300X,2084N0400X",,,,,,,,,,,,,
Slipped Capital Femoral Epiphysis,,,207X00000X,,,,,,,,,,,,,
Slipped Disc,"Herniated disc, spinal disc herniation",,"363LP2300X,2084N0400X,225100000X,207X00000X,207T00000X,2084N0400X,207T00000X,207P00000X",,,,,,,,,,,,,
Slow Heart Rate,Bradycardia,,207RC0000X,,,,,,,,,,,,,
Slow Heart Rate,Bradycardia,,207RC0000X,,,,,,,,,,,,,
Small Bowel Obstruction,,,"363LP2300X,207RG0100X,208600000X,207P00000X",,,,,,,,,,,,,
Small Intestine Cancer,,,"207RG0100X,207RX0202X,2085R0001X,207ZC0006X",,,,,,,,,,,,,
Small Lymphocytic Lymphoma,,,"363LP2300X,207RH0000X",,,,,,,,,,,,,
Snoring,,,207Y00000X,,,,,,,,,,,,,
Social Anxiety Disorder," SAD, social phobia",,"363LP2300X,2084P0800X,103T00000X",,,,,,,,,,,,,
Soft Tissue Sarcoma,,,207RX0202X,,,,,,,,,,,,,
Spasmodic Torticollis,,,2084N0400X,,,,,,,,,,,,,
Spastic Colon,,,"363LP2300X,207RG0100X",,,,,,,,,,,,,
Spastic Dysphonia,,,"2084N0400X,207Y00000X,207ZC0006X",,,,,,,,,,,,,
Spermatocele,Epididymal Cyst,,"363LP2300X,208800000X",,,,,,,,,,,,,
Spherocytic Anemia,,,"363LP2300X,208000000X,207RH0000X",,,,,,,,,,,,,
Sphingolipidosis,Krabbe's Type,,geneticist,,,,,,,,,,,,,
Sphingolipidosis 1,,,207RH0000X,,,,,,,,,,,,,
Sphingomyelinase Deficiency,,,"207RG0100X,207RI0008X",,,,,,,,,,,,,
Spider Bite,Spider Veins,,"363LP2300X,208000000X,207P00000X",,,,,,,,,,,,,
Spider Bite,,,"363LP2300X,207P00000X",,,,,,,,,,,,,
Spielmeyer-Vogt Disease,Batten Disease,,2084N0400X,,,,,,,,,,,,,
Spina Bifida,split spine,,"208000000X,208800000X,207T00000X,geneticist,207X00000X,207T00000X",,,,,,,,,,,,,
Spinal Arachnoiditis,,,363LP2300X,,,,,,,,,,,,,
Spinal Chordoma,,,"207RX0202X,207T00000X,207T00000X",,,,,,,,,,,,,
Spinal Cord Injury,,,"2084N0400X,207T00000X,225100000X,225X00000X,208100000X",,,,,,,,,,,,,
Spinal Meningitis,,,"363LP2300X,208000000X,2084N0400X,207RI0200X,207P00000X",,,,,,,,,,,,,
Spinal Muscular Atrophy,SMA,,"2084N0400X,207X00000X,207T00000X",,,,,,,,,,,,,
Spinal Stenosis,spinal narrowing,,"363LP2300X,207XS0117X,2084N0400X,225100000X,208100000X",,,,,,,,,,,,,
Spinocerebellar Ataxia,,,2084N0400X,,,,,,,,,,,,,
Splenomegalic Polycythemia,,,"363LP2300X,207RH0000X",,,,,,,,,,,,,
Splenomegaly with Rheumatoid Arthritis,,,207RR0500X,,,,,,,,,,,,,
Splint Care,,,"213E00000X,207X00000X",,,,,,,,,,,,,
Splinter Removal,,,2086S0105X,,,,,,,,,,,,,
Stevens Johnson Syndrome," SJS, erythema multiforme major",,"363LP2300X,208000000X,207N00000X,207W00000X",,,,,,,,,,,,,
Stomach cancer,Gastric Cancer,,"207RG0100X,207RX0202X,2081H0002X",,,,,,,,,,,,,
Stomach flu,Gastroenteritis,,"363LP2300X,208000000X,207RG0100X",,,,,,,,,,,,,
Stomach Ulcer,Duodenal Ulcer,,"363LP2300X,207RG0100X",,,,,,,,,,,,,
Stomach ulcer,Gastric Ulcer,,"363LP2300X,207RG0100X",,,,,,,,,,,,,
Stress Management,,,"363LP2300X,103T00000X,2084P0800X",,,,,,,,,,,,,
Stroke,,,"363LP2300X,2084N0400X,207T00000X,225100000X,225X00000X,207RC0200X",,,,,,,,,,,,,
Subcortical Dementia,,,"363LP2300X,2084N0400X",,,,,,,,,,,,,
Subcortical Ischemic Vascular Disease,,,2084N0400X,,,,,,,,,,,,,
Subendocardial Sclerosis,"Scleroderma, crest syndrome",,"363LP2300X,207N00000X,207RN0300X,207RR0500X,207RC0000X,207RG0100X,207K00000X",,,,,,,,,,,,,
Substance Abuse,,,"363LP2300X,101YM0800X",,,,,,,,,,,,,
Sucrose Intolerance,,,207RG0100X,,,,,,,,,,,,,
Sudanophilic Leukodystrophy,,,2084N0400X,,,,,,,,,,,,,
Sudden Infant Death Syndrome,SIDS,,208000000X,,,,,,,,,,,,,
Sudden Infant Death Syndrome ,Crib Death or SIDS,,208000000X,,,,,,,,,,,,,
Summer Encephalitis,,,2084N0400X,,,,,,,,,,,,,
Summer Skin Hazards,,,207N00000X,,,,,,,,,,,,,
Sunburn,,,"363LP2300X,207N00000X",,,,,,,,,,,,,
Suppurative Arthritis,,,"207RR0500X,207RI0200X,207T00000X",,,,,,,,,,,,,
Supraventricular Tachycardia,,,"363LP2300X,208000000X,207RC0000X,207P00000X",,,,,,,,,,,,,
Sweet Syndrome,,,207N00000X,,,,,,,,,,,,,
Swollen Lymph Nodes,,,207Y00000X,,,,,,,,,,,,,
Symmastia,,,208200000X,,,,,,,,,,,,,
Symptomatic Porphyria,,,"363LP2300X,207RH0000X",,,,,,,,,,,,,
Syndactylic Oxycephaly,,,208200000X,,,,,,,,,,,,,
Synergistic Necrotizing Fasciitis,,,208600000X,,,,,,,,,,,,,
Syphilis,,,"363LP2300X,207V00000X,207RI0200X",,,,,,,,,,,,,
"Syphilis, Congenital",,,207X00000X,,,,,,,,,,,,,
Syringomyelia,,,207T00000X,,,,,,,,,,,,,
Systemic Mast Cell Disease,,,"207K00000X,207RH0000X",,,,,,,,,,,,,
Systemic Mastocytosis,,,"207K00000X,207RH0000X",,,,,,,,,,,,,
"Tachycardia, Supraventricular",,,"363LP2300X,208000000X,207RC0000X,207P00000X",,,,,,,,,,,,,
Takayasu Arteritis,,,"2084N0400X,207RR0500X",,,,,,,,,,,,,
Takayasu Disease,,,"363LP2300X,2084N0400X,207RR0500X,207RC0000X",,,,,,,,,,,,,
Tardive Dyskinesia,"tardive dystonia, linguofacial dyskinesia",,"2084N0400X,2084P0800X",,,,,,,,,,,,,
Tardive Dystonia," tardive dystonia, linguofacial dyskinesia",,"2084N0400X,2084P0800X",,,,,,,,,,,,,
Tardive Muscular Dystrophy,,,2084N0400X,,,,,,,,,,,,,
Tardive Oral Dyskinesia,,,"2084N0400X,2084P0800X",,,,,,,,,,,,,
Tarsal Cyst,"Chalazion, eyelid cyst, meibomian cyst",,"363LP2300X,152W00000X,207W00000X",,,,,,,,,,,,,
Tay-Sachs Disease, GM2 gangliosidosis,,"208000000X,2084N0400X,geneticist,207W00000X",,,,,,,,,,,,,
Temper Tantrums,,,"208000000X,103T00000X",,,,,,,,,,,,,
Temporal Arteritis,,,"363LP2300X,207RR0500X,2084N0400X,207W00000X,207Y00000X",,,,,,,,,,,,,
Temporary Blindness,,,207W00000X,,,,,,,,,,,,,
Temporomandibular (TM) Disorders,Temporomandibular joint dysfunction,,"363LP2300X,122300000X,207Y00000X",,,,,,,,,,,,,
Tendinitis,,,"207X00000X,207T00000X",,,,,,,,,,,,,
Tendinopathy,,,"207X00000X,207T00000X",,,,,,,,,,,,,
Cholesterol,LDL Cholesterol,,207RC0000X,,,,,,,,,,,,,
Tenosynovitis,tendovaginitis,,"363LP2300X,207X00000X,207T00000X,225100000X",,,,,,,,,,,,,
Tension headache,Stress Headache,,"363LP2300X,208000000X",,,,,,,,,,,,,
Thalassemia,,,"363LP2300X,208000000X,geneticist,207RH0000X",,,,,,,,,,,,,
Thiamine Deficiency,,,363LP2300X,,,,,,,,,,,,,
Thoracic Outlet Syndrome,,,"363LP2300X,207T00000X,2081S0010X,225100000X,208G00000X",,,,,,,,,,,,,
Thromboangiitis Obliterans,,,"207N00000X,207RR0500X,207RH0000X,2086S0129X",,,,,,,,,,,,,
Thrombocytopenia,,,"363LP2300X,207RH0000X",,,,,,,,,,,,,
Thrombophlebitis,,,"363LP2300X,207P00000X",,,,,,,,,,,,,
Thrombotic Thrombocytopenic Purpura,,,207RH0000X,,,,,,,,,,,,,
Thromboulcerative Colitis,,,207RG0100X,,,,,,,,,,,,,
Thrush,,,"363LP2300X,208000000X",,,,,,,,,,,,,
Thumb-Sucking,,,208000000X,,,,,,,,,,,,,
Thyroid Cancer,,,"363LP2300X,208000000X,207RE0101X,207Y00000X,207RX0202X",,,,,,,,,,,,,
Thyroid Disorders,,,"363LP2300X,208000000X,207RE0101X",,,,,,,,,,,,,
Thyrotoxicosis,,,"363LP2300X,207RE0101X",,,,,,,,,,,,,
Tic Douloureux,,,"2084N0400X,207T00000X",,,,,,,,,,,,,
Tick Bites,,,363LP2300X,,,,,,,,,,,,,
Tick Removal,,,"363LP2300X,207N00000X",,,,,,,,,,,,,
Tietze Syndrome,,,"363LP2300X,207RR0500X,207X00000X",,,,,,,,,,,,,
Tinea Versicolor,pityriasis versicolor,,"363LP2300X,208000000X,207N00000X",,,,,,,,,,,,,
TMJ Disorder,Temporomandibular joint dysfunction,,"363LP2300X,122300000X,207Y00000X",,,,,,,,,,,,,
Toe Fracture,,,"363LP2300X,213E00000X,207T00000X",,,,,,,,,,,,,
Tongue Carcinoma,"Oral cancer, oral cavity cancer",,"207RX0202X,207Y00000X",,,,,,,,,,,,,
Tongue-Tie,,,"208000000X,122300000X,207Y00000X,208200000X",,,,,,,,,,,,,
Tonic Pupil Syndrome,,,207W00000X,,,,,,,,,,,,,
Tonsillitis,,,"363LP2300X,207Y00000X",,,,,,,,,,,,,
Tooth Decay,,,122300000X,,,,,,,,,,,,,
Torch Infection,Torch Syndrome,,207V00000X,,,,,,,,,,,,,
Torn Rotator Cuff,,,"363LP2300X,207T00000X,2081S0010X,225100000X,207P00000X",,,,,,,,,,,,,
Torsion Dystonia,,,2084N0400X,,,,,,,,,,,,,
Torticollis,,,"363LP2300X,2084N0400X,225100000X,225X00000X,208100000X",,,,,,,,,,,,,
Torular Meningitis,,,2084N0400X,,,,,,,,,,,,,
Tourette's Syndrome,,,"208000000X,2084N0400X,2084P0800X",,,,,,,,,,,,,
Toxic Epidermal Necrolysis,,,207N00000X,,,,,,,,,,,,,
Toxic Paralytic Anemia,,,207RH0000X,,,,,,,,,,,,,
Toxic Shock Syndrome,,,"363LP2300X,208000000X,207V00000X,207RI0200X,207RC0200X",,,,,,,,,,,,,
Toxoplasmosis,toxoplasma,,"363LP2300X,207V00000X,207RI0200X,207K00000X,207W00000X",,,,,,,,,,,,,
Transient Acantholytic Dermatosis,,,207N00000X,,,,,,,,,,,,,
Transient Ischemic Attack,"TIA, mini stroke",,"363LP2300X,2084N0400X,2086S0129X,207P00000X",,,,,,,,,,,,,
Transient Ischemic Attack,"TIA, mini stroke",,"363LP2300X,2084N0400X,2086S0129X,207P00000X",,,,,,,,,,,,,
Transthyretin Familial Amyloid Polyneuropathy,,,"363LP2300X,207RC0000X,207RN0300X",,,,,,,,,,,,,
Transthyretin Methionine-30 Amyloidosis (Type I),,,"363LP2300X,207RC0000X",,,,,,,,,,,,,
Transverse Myelitis,,,"208000000X,2084N0400X,208100000X",,,,,,,,,,,,,
Traumatic Brain Injury,craniocerebral trauma,,"363LP2300X,2084N0400X,207T00000X,207RC0200X,208100000X",,,,,,,,,,,,,
Treacher Collins syndrome,,,"208000000X,207RP1001X,122300000X,207Y00000X,geneticist",,,,,,,,,,,,,
Treacher Collins Syndrome,mandibulofacial dysostosis,,"208000000X,207RP1001X,122300000X,207RC0200X,207Y00000X,geneticist,208200000X",,,,,,,,,,,,,
Tremor,,,2084N0400X,,,,,,,,,,,,,
Trichomoniasis,trich,,"363LP2300X,207V00000X",,,,,,,,,,,,,
Trichotillomania,,,363LP2300X,,,,,,,,,,,,,
Trigeminal Neuralgia,tic douloureux,,"363LP2300X,2084N0400X",,,,,,,,,,,,,
Triple Symptom Complex of Behcet,,,"363LP2300X,207RR0500X",,,,,,,,,,,,,
Triplets,,,363LP2300X,,,,,,,,,,,,,
Trisomy 13 Syndrome,,,"208000000X,2080N0001X,geneticist,2084N0400X,207T00000X",,,,,,,,,,,,,
Trisomy 18 Syndrome,,,"208000000X,2080N0001X,geneticist,2084N0400X,207T00000X",,,,,,,,,,,,,
Trypanosomiasis,Chagas disease,,"363LP2300X,207RC0000X,207RG0100X,2084N0400X",,,,,,,,,,,,,
Tubal Pregnancy,Ectopic pregnancy,,"363LP2300X,207V00000X,207P00000X",,,,,,,,,,,,,
Tuberculosis,TB,,"363LP2300X,207RP1001X,207RI0200X",,,,,,,,,,,,,
Tuberculosis,"TB, consumption",,"363LP2300X,207RP1001X,207RI0200X",,,,,,,,,,,,,
Tuberculous Meningitis,,,2084N0400X,,,,,,,,,,,,,
Tuberose Sclerosis,,,"2084N0400X,207RC0000X,207N00000X,207RN0300X",,,,,,,,,,,,,
Tuberous Sclerosis,,,"2084N0400X,207RC0000X,207N00000X,207RN0300X",,,,,,,,,,,,,
Tularemia,,,207RI0200X,,,,,,,,,,,,,
Turner Syndrome,"gonadal dysgenesis, Schereshevkii-Turner Syndrome",,"363LP2300X,208000000X,207V00000X,207RE0101X,207RC0000X,208800000X",,,,,,,,,,,,,
Turner Syndrome,gonadal dysgenesis,,"363LP2300X,208000000X,207V00000X,207RC0000X,207RE0101X,208800000X",,,,,,,,,,,,,
Turner-Varny Syndrome,,,"208000000X,207RC0000X,207W00000X,207Y00000X,207RN0300X,103T00000X",,,,,,,,,,,,,
Twin Twin Transfusion Syndrome,,,208000000X,,,,,,,,,,,,,
Type 1 diabetes,,,"363LP2300X,208000000X,207RE0101X,133N00000X",,,,,,,,,,,,,
Type 1 Diabetes,,,"363LP2300X,208000000X,207RE0101X,133N00000X,207P00000X",,,,,,,,,,,,,
Type 2 diabetes,,,"363LP2300X,207RE0101X,207W00000X",,,,,,,,,,,,,
Type 2 Diabetes,,,"363LP2300X,208000000X,207RE0101X,133N00000X,207P00000X",,,,,,,,,,,,,
Type II Histiocytosis,,,"207RX0202X,207RH0000X,207N00000X,207RP1001X,207RE0101X,207RG0100X,2084N0400X,207T00000X,207T00000X",,,,,,,,,,,,,
Typhoid,"enteric fever, Typhoid Fever",,"363LP2300X,207RI0200X,travel medicine,207P00000X",,,,,,,,,,,,,
Ulcerative Colitis,,,"363LP2300X,207RG0100X",,,,,,,,,,,,,
Umbilical Cord Care,,,208000000X,,,,,,,,,,,,,
Uncircumcised Penis,,,208800000X,,,,,,,,,,,,,
Underactive Thyroid,,,"363LP2300X,207RE0101X",,,,,,,,,,,,,
Undescended Testicle,,,"208000000X,208800000X",,,,,,,,,,,,,
Unstable Angina,,,207RC0000X,,,,,,,,,,,,,
Unstable Kneecap,,,207X00000X,,,,,,,,,,,,,
Upper Limb Spascity,ULS,,2084N0400X,,,,,,,,,,,,,
Urea Cycle Disorders,,,"geneticist,133V00000X",,,,,,,,,,,,,
Urethral Cancer,,,208800000X,,,,,,,,,,,,,
Urinary Incontinence in Men,,,208800000X,,,,,,,,,,,,,
Urinary Incontinence in Women,,,207V00000X,,,,,,,,,,,,,
Urinary Tract Infections,,,"363LP2300X,207V00000X",,,,,,,,,,,,,
Urticaria,Hives,,"363LP2300X,207P00000X",,,,,,,,,,,,,
Uterine Bleeding,,,207V00000X,,,,,,,,,,,,,
Uterine Cancer,,,"363LP2300X,207V00000X",,,,,,,,,,,,,
Uterine Fibroids,Uterine myoma,,"363LP2300X,207V00000X",,,,,,,,,,,,,
Uveitis,,,"363LP2300X,208000000X,207W00000X,152W00000X,207RI0200X,207RR0500X",,,,,,,,,,,,,
Vaccinations,,,"363LP2300X,208000000X",,,,,,,,,,,,,
Hair Loss,,,207N00000X,,,,,,,,,,,,,
Vaginal Birth After Cesarean,,,207V00000X,Female,,,,,,,,,,,,
Vaginal Cancer,,,"207V00000X,207RX0202X",Female,,,,,,,,,,,,
Vaginal Discharge,,,207V00000X,Female,,,,,,,,,,,,
Vaginal yeast infection,Yeast infection,,"363LP2300X,207V00000X",,,,,,,,,,,,,
Vaginal Yeast Infections,,,207V00000X,Female,,,,,,,,,,,,
Vaginitis,vaginal inflammation,,"363LP2300X,207V00000X",Female,,,,,,,,,,,,
Valgus Calcaneus,,,213E00000X,,,,,,,,,,,,,
Van Buren's Disease,,,"363LP2300X,207RH0000X",,,,,,,,,,,,,
Van Lohuizen Syndrome,,,2084N0400X,,,,,,,,,,,,,
Varicella Embryopathy,,,"363LP2300X,208000000X",,,,,,,,,,,,,
Varicose Veins,,,"208600000X,207N00000X",,,,,,,,,,,,,
Variola Virus,"Smallpox, variola",,207RI0200X,,,,,,,,,,,,,
Varioliform Gastritis,,,207RG0100X,,,,,,,,,,,,,
Vascular Dementia,,,"363LP2300X,2084N0400X,2084P0800X,207QG0300X",,,,,,,,,,,,,
Vasculitis,,,207RR0500X,,,,,,,,,,,,,
Venous Skin Ulcer,,,"2086S0129X,208600000X,207N00000X",,,,,,,,,,,,,
Ventricular Septal Defect,,,"208000000X,207RC0000X,2080N0001X,208G00000X",,,,,,,,,,,,,
Ventricular Tachycardia,"VT, v-tach",,"363LP2300X,207RC0000X,207P00000X",,,,,,,,,,,,,
Verruca,"Warts, verruca vulgaris",,"363LP2300X,213E00000X,207N00000X",,,,,,,,,,,,,
Vertigo,,,"2084N0400X,207Y00000X",,,,,,,,,,,,,
Viral Gastroenteritis,,,207RG0100X,,,,,,,,,,,,,
Viral Meningitis,Meningitis,,"363LP2300X,208000000X,207RI0200X,2084N0400X,207P00000X",,,,,,,,,,,,,
Virtual Colonoscopy,,,2085R0202X,,,,,,,,,,,,,
Vitamin B12 Deficiency Anemia,,,"363LP2300X,207RH0000X",,,,,,,,,,,,,
Vitamin-D Deficiency Rickets,,,"363LP2300X,207RH0000X",,,,,,,,,,,,,
Vitiligo,,,"363LP2300X,207N00000X,207W00000X",,,,,,,,,,,,,
Voice Problems,,,207Y00000X,,,,,,,,,,,,,
Von Recklinghausen's Neurofibromatosis,,,"208000000X,2084N0400X,207N00000X,geneticist",,,,,,,,,,,,,
Von Willebrand's Disease,"VWD, angiohemophilia",,"363LP2300X,208000000X,207V00000X,207RH0000X",,,,,,,,,,,,,
Vulvar Cancer,,,"363LP2300X,207V00000X,207RX0202X,207N00000X",,,,,,,,,,,,,
Waldenstrom's Macroglobulinemia,,,"207RH0000X,207RX0202X",,,,,,,,,,,,,
Wandering Rash Tongue,,,122300000X,,,,,,,,,,,,,
Warts and Plantar Warts,"Plantar wart, foot wart",,"363LP2300X,213E00000X,207N00000X",,,,,,,,,,,,,
Water on the Brain,Hydrocephalus,,"208000000X,2084N0400X,225X00000X,235Z00000X,207T00000X",,,,,,,,,,,,,
Weaning,,,133V00000X,,,,,,,,,,,,,
Weight Loss,,,"133V00000X,133N00000X",,,,,,,,,,,,,
Weir-Mitchell Disease,,,2086S0105X,,,,,,,,,,,,,
Wells' Syndrome,,,"363LP2300X,207N00000X",,,,,,,,,,,,,
Werlhof Disease,,,"363LP2300X,208000000X,207RH0000X",,,,,,,,,,,,,
Wernicke-Korsakoff Syndrome,,,"363LP2300X,2084N0400X,2084P0800X",,,,,,,,,,,,,
West Nile Encephalitis,,,"2084N0400X,208100000X,207RI0200X,103T00000X",,,,,,,,,,,,,
West Nile Fever,,,363LP2300X,,,,,,,,,,,,,
West Nile Virus,,,363LP2300X,,,,,,,,,,,,,
West Syndrome,,,208000000X,,,,,,,,,,,,,
Wet Lung,"Respiratory distress syndrome, ARDS",,"363LP2300X,208000000X,207RP1001X,207RI0200X,207RC0200X",,,,,,,,,,,,,
Wheezing,,,207RP1001X,,,,,,,,,,,,,
Whiplash,,,363LP2300X,,,,,,,,,,,,,
Whipples Disease,,,207RG0100X,,,,,,,,,,,,,
Whooping Cough, Pertussis,,"363LP2300X,208000000X",,,,,,,,,,,,,
Williams Syndrome,,,"207RC0000X,geneticist,208000000X",,,,,,,,,,,,,
Williams Syndrome,WMS,,"207RC0000X,geneticist,207W00000X,207X00000X,103T00000X",,,,,,,,,,,,,
Williams-Beuren Syndrome,,,207RC0000X,,,,,,,,,,,,,
Willi-Prader Syndrome,PraderWilli syndrome,,"208000000X,207RE0101X,geneticist,207RP1001X,2084P0800X",,,,,,,,,,,,,
Wilms' Tumor,,,"207RX0202X,208800000X",,,,,,,,,,,,,
Winter Blues,"Seasonal affective disorder, SAD, seasonal depression",,"363LP2300X,2084P0800X,103T00000X",,,,,,,,,,,,,
Wisdom Tooth Problem,,,122300000X,,,,,,,,,,,,,
Wisdom Tooth Removal,,,122300000X,,,,,,,,,,,,,
Wolf Hirschhorn Syndrome,,,"2084N0400X,207RC0000X,122300000X,152W00000X",,,,,,,,,,,,,
Wolf Syndrome,Wolff-Parkinson-White syndrome,,"363LP2300X,207RC0000X",,,,,,,,,,,,,
Wolff Parkinson White Syndrome,,,"363LP2300X,207RC0000X",,,,,,,,,,,,,
Wrapping a Sprained Ankle,,,"207X00000X,207T00000X",,,,,,,,,,,,,
Xeroderma Pigmentosum,,,207N00000X,,,,,,,,,,,,,
XO Syndrome,"Turner syndrome, gonadal dysgenesis",,"363LP2300X,208000000X,207V00000X,207RC0000X,207RE0101X,208800000X",,,,,,,,,,,,,
Yellow Fever,"yellow jack, yellow plague",,"363LP2300X,207RI0200X",,,,,,,,,,,,,
Zika,"Zika fever, Zika virus disease, Zika virus infection",,"363LP2300X,207RI0200X",,,,,,,,,,,,,
Zollinger-Ellison syndrome (ZES),,,363LP2300X,,,,,,,,,,,,,
